Route,Month,Aircraft_Type,pi_rta,h_rta,f_rta,flight_count,revenue_mean,cost_mean,load_factor,M_rta
DXB-AMM,1,Airbus A350-900,-26117.84,3.2,18979.62,9,76848.03,102965.87,0.8,9
DXB-AMM,1,Boeing 787-9,-33561.89,3.2,17644.77,8,53996.94,87558.83,0.78,8
DXB-AMM,2,Airbus A350-900,-35220.71,3.2,19744.7,9,66496.13,101716.83,0.79,9
DXB-AMM,2,Boeing 787-9,-25059.54,3.2,17738.69,7,69192.4,94251.94,0.82,7
DXB-AMM,3,Airbus A350-900,-39122.74,3.2,19426.28,12,60453.7,99576.45,0.76,12
DXB-AMM,3,Boeing 787-9,-29524.93,3.2,17874.73,8,64042.93,93567.86,0.77,8
DXB-AMM,4,Airbus A350-900,-33616.3,3.2,19600.81,7,66251.54,99867.85,0.79,7
DXB-AMM,4,Boeing 787-9,-31999.04,3.2,17423.95,11,56659.15,88658.2,0.77,11
DXB-AMM,5,Airbus A350-900,-37192.26,3.2,18930.8,8,58876.95,96069.21,0.73,8
DXB-AMM,5,Boeing 787-9,-40240.33,3.2,17199.43,12,45502.11,85742.44,0.7,12
DXB-AMM,6,Airbus A350-900,-42365.82,3.2,19683.33,8,51564.84,93930.65,0.69,8
DXB-AMM,6,Boeing 787-9,-43895.97,3.2,17780.13,7,40238.22,84134.19,0.66,7
DXB-AMM,7,Airbus A350-900,-40458.08,3.2,19316.15,5,52422.65,92880.73,0.67,5
DXB-AMM,7,Boeing 787-9,-46541.99,3.2,18098.98,14,41841.06,88383.04,0.69,14
DXB-AMM,8,Airbus A350-900,-46049.0,3.2,19740.03,12,46568.56,92617.56,0.65,12
DXB-AMM,8,Boeing 787-9,-43091.89,3.2,17544.48,7,45365.75,88457.64,0.66,7
DXB-AMM,9,Airbus A350-900,-43616.15,3.2,19946.55,7,49352.62,92968.77,0.7,7
DXB-AMM,9,Boeing 787-9,-35941.65,3.2,17631.22,11,52173.55,88115.2,0.73,11
DXB-AMM,10,Airbus A350-900,-40260.21,3.2,19319.12,10,57615.96,97876.17,0.74,10
DXB-AMM,10,Boeing 787-9,-25573.96,3.2,17112.02,10,64786.64,90360.6,0.73,10
DXB-AMM,11,Airbus A350-900,-32038.12,3.2,18862.54,7,62855.71,94893.83,0.74,7
DXB-AMM,11,Boeing 787-9,-34304.57,3.2,17643.83,11,55476.3,89780.88,0.76,11
DXB-AMM,12,Airbus A350-900,-32872.33,3.2,19158.73,9,67180.07,100052.4,0.81,9
DXB-AMM,12,Boeing 787-9,-23283.08,3.2,17219.93,10,68325.6,91608.68,0.78,10
DXB-BAH,1,Airbus A320,12483.84,1.3,3084.36,16,54810.02,42326.18,0.92,16
DXB-BAH,1,Boeing 737-800,3092.46,1.3,3265.84,13,45599.87,42507.41,0.91,13
DXB-BAH,2,Airbus A320,7321.45,1.3,3124.2,19,50234.62,42913.17,0.93,19
DXB-BAH,2,Boeing 737-800,9534.47,1.3,3226.97,11,55003.35,45468.87,0.93,11
DXB-BAH,3,Airbus A320,5657.73,1.3,3145.24,14,45077.54,39419.81,0.87,14
DXB-BAH,3,Boeing 737-800,6962.93,1.3,3270.87,11,48311.53,41348.6,0.86,11
DXB-BAH,4,Airbus A320,7200.8,1.3,3166.11,15,48425.87,41225.06,0.88,15
DXB-BAH,4,Boeing 737-800,5010.7,1.3,3171.48,14,46085.08,41074.38,0.86,14
DXB-BAH,5,Airbus A320,5874.88,1.3,3111.79,16,45657.22,39782.34,0.84,16
DXB-BAH,5,Boeing 737-800,4518.0,1.3,3274.88,13,44351.77,39833.77,0.82,13
DXB-BAH,6,Airbus A320,-108.58,1.3,3026.47,13,36248.93,36357.51,0.75,13
DXB-BAH,6,Boeing 737-800,-2662.16,1.3,3228.37,13,35204.97,37867.13,0.77,13
DXB-BAH,7,Airbus A320,-2080.35,1.3,3071.6,8,34899.61,36979.95,0.75,8
DXB-BAH,7,Boeing 737-800,-476.34,1.3,3332.04,18,38128.1,38604.44,0.77,18
DXB-BAH,8,Airbus A320,-2388.99,1.3,3085.54,13,35546.49,37935.48,0.77,13
DXB-BAH,8,Boeing 737-800,-2367.68,1.3,3222.0,17,35944.65,38312.33,0.76,17
DXB-BAH,9,Airbus A320,1271.16,1.3,3134.35,13,39817.81,38546.65,0.84,13
DXB-BAH,9,Boeing 737-800,-30.76,1.3,3304.73,12,40526.0,40556.76,0.84,12
DXB-BAH,10,Airbus A320,5058.02,1.3,3194.76,11,46586.98,41528.95,0.87,11
DXB-BAH,10,Boeing 737-800,4428.56,1.3,3317.51,18,44911.77,40483.2,0.88,18
DXB-BAH,11,Airbus A320,6393.21,1.3,3103.32,12,47042.14,40648.93,0.87,12
DXB-BAH,11,Boeing 737-800,2789.2,1.3,3309.33,14,44793.5,42004.3,0.88,14
DXB-BAH,12,Airbus A320,8692.91,1.3,3119.7,9,49542.57,40849.66,0.92,9
DXB-BAH,12,Boeing 737-800,11659.35,1.3,3220.52,17,53926.61,42267.25,0.93,17
DXB-BKK,1,Airbus A350-900,250923.1,6.5,39931.9,8,495012.82,244089.72,0.79,8
DXB-BKK,1,Boeing 777-300ER,291409.5,6.5,55760.09,12,596978.4,305568.9,0.78,12
DXB-BKK,2,Airbus A350-900,197807.56,6.5,39525.61,6,430066.97,232259.41,0.79,6
DXB-BKK,2,Boeing 777-300ER,292023.73,6.5,56667.4,10,607525.74,315502.01,0.81,10
DXB-BKK,3,Airbus A350-900,186083.24,6.5,39294.99,11,409997.7,223914.46,0.77,11
DXB-BKK,3,Boeing 777-300ER,213224.1,6.5,57783.14,6,503040.03,289815.93,0.78,6
DXB-BKK,4,Airbus A350-900,172546.61,6.5,38112.93,11,395322.69,222776.08,0.74,11
DXB-BKK,4,Boeing 777-300ER,179862.81,6.5,55642.15,6,465133.55,285270.73,0.74,6
DXB-BKK,5,Airbus A350-900,144821.84,6.5,38650.78,7,360149.65,215327.81,0.72,7
DXB-BKK,5,Boeing 777-300ER,194038.63,6.5,55581.27,13,479441.32,285402.68,0.73,13
DXB-BKK,6,Airbus A350-900,105747.53,6.5,39872.54,5,313021.63,207274.1,0.68,5
DXB-BKK,6,Boeing 777-300ER,115841.0,6.5,54816.82,10,385272.4,269431.4,0.67,10
DXB-BKK,7,Airbus A350-900,111390.32,6.5,37877.72,7,318473.22,207082.9,0.68,7
DXB-BKK,7,Boeing 777-300ER,106160.98,6.5,56276.78,12,372067.79,265906.81,0.65,12
DXB-BKK,8,Airbus A350-900,127783.65,6.5,38386.88,9,332732.5,204948.85,0.66,9
DXB-BKK,8,Boeing 777-300ER,162678.88,6.5,54942.45,7,440792.37,278113.49,0.66,7
DXB-BKK,9,Airbus A350-900,185218.56,6.5,39398.87,11,405810.52,220591.97,0.73,11
DXB-BKK,9,Boeing 777-300ER,198679.48,6.5,54070.83,9,482666.38,283986.9,0.74,9
DXB-BKK,10,Airbus A350-900,196646.82,6.5,38933.55,13,432198.42,235551.6,0.76,13
DXB-BKK,10,Boeing 777-300ER,236450.63,6.5,55416.02,6,531680.65,295230.02,0.78,6
DXB-BKK,11,Airbus A350-900,212872.54,6.5,38562.93,8,449500.89,236628.35,0.76,8
DXB-BKK,11,Boeing 777-300ER,227446.16,6.5,55239.83,8,517575.81,290129.65,0.74,8
DXB-BKK,12,Airbus A350-900,208723.47,6.5,37315.7,9,439544.97,230821.5,0.81,9
DXB-BKK,12,Boeing 777-300ER,235194.1,6.5,54223.52,8,532179.48,296985.38,0.8,8
DXB-BLR,1,Airbus A350-900,20213.77,4.5,27956.15,8,165073.97,144860.2,0.79,8
DXB-BLR,1,Boeing 787-9,47031.09,4.5,25617.99,7,186065.46,139034.37,0.81,7
DXB-BLR,2,Airbus A350-900,73965.99,4.5,28709.17,3,230014.88,156048.89,0.84,3
DXB-BLR,2,Boeing 787-9,22528.32,4.5,24563.46,12,156766.13,134237.81,0.81,12
DXB-BLR,3,Airbus A350-900,20475.44,4.5,27135.71,15,160282.7,139807.26,0.74,15
DXB-BLR,3,Boeing 787-9,11533.64,4.5,24427.43,5,139466.06,127932.42,0.74,5
DXB-BLR,4,Airbus A350-900,14304.42,4.5,26185.71,8,148096.86,133792.44,0.72,8
DXB-BLR,4,Boeing 787-9,23386.16,4.5,24788.6,7,151227.99,127841.83,0.72,7
DXB-BLR,5,Airbus A350-900,4720.24,4.5,26718.12,13,142664.72,137944.48,0.71,13
DXB-BLR,5,Boeing 787-9,16452.34,4.5,23523.81,4,141388.19,124935.85,0.73,4
DXB-BLR,6,Airbus A350-900,-28203.66,4.5,26771.91,9,97978.93,126182.59,0.66,9
DXB-BLR,6,Boeing 787-9,-6689.81,4.5,24359.34,6,111529.48,118219.28,0.61,6
DXB-BLR,7,Airbus A350-900,2016.68,4.5,26129.02,10,135088.87,133072.19,0.66,10
DXB-BLR,7,Boeing 787-9,5292.98,4.5,25111.86,7,130451.3,125158.32,0.67,7
DXB-BLR,8,Airbus A350-900,-7315.46,4.5,27480.83,8,123236.44,130551.9,0.64,8
DXB-BLR,8,Boeing 787-9,-9771.46,4.5,24389.96,12,111049.4,120820.86,0.65,12
DXB-BLR,9,Airbus A350-900,-6248.45,4.5,27117.96,6,125837.22,132085.67,0.69,6
DXB-BLR,9,Boeing 787-9,11474.91,4.5,24298.94,13,136300.79,124825.88,0.72,13
DXB-BLR,10,Airbus A350-900,10359.56,4.5,26911.35,9,150665.73,140306.18,0.73,9
DXB-BLR,10,Boeing 787-9,19774.9,4.5,23831.55,6,149456.76,129681.86,0.78,6
DXB-BLR,11,Airbus A350-900,9189.51,4.5,26937.65,9,148752.21,139562.7,0.76,9
DXB-BLR,11,Boeing 787-9,13186.18,4.5,24132.13,6,144379.07,131192.89,0.75,6
DXB-BLR,12,Airbus A350-900,40862.58,4.5,26995.16,8,183372.78,142510.2,0.81,8
DXB-BLR,12,Boeing 787-9,32105.85,4.5,24348.11,8,168230.8,136124.94,0.8,8
DXB-BOM,1,Airbus A350-900,91046.93,3.2,19531.77,6,226610.46,135563.52,0.9,6
DXB-BOM,1,Boeing 777-300ER,146512.78,3.2,28268.33,15,327519.12,181006.34,0.93,15
DXB-BOM,1,Boeing 787-9,87216.65,3.2,17416.23,8,216053.33,128836.69,0.9,8
DXB-BOM,2,Airbus A350-900,110367.73,3.2,19296.45,12,253561.61,143193.88,0.92,12
DXB-BOM,2,Boeing 777-300ER,101785.54,3.2,27089.11,8,269843.12,168057.57,0.9,8
DXB-BOM,2,Boeing 787-9,101052.58,3.2,17111.28,7,228138.31,127085.73,0.9,7
DXB-BOM,3,Airbus A350-900,79017.62,3.2,19423.55,6,212854.38,133836.76,0.87,6
DXB-BOM,3,Boeing 777-300ER,90682.84,3.2,26886.07,11,258019.5,167336.66,0.87,11
DXB-BOM,3,Boeing 787-9,55928.38,3.2,17056.46,12,173222.02,117293.63,0.86,12
DXB-BOM,4,Airbus A350-900,104898.65,3.2,19414.24,8,246285.03,141386.38,0.85,8
DXB-BOM,4,Boeing 777-300ER,111461.43,3.2,26594.99,11,283860.7,172399.26,0.88,11
DXB-BOM,4,Boeing 787-9,56116.78,3.2,17446.18,9,177230.24,121113.46,0.87,9
DXB-BOM,5,Airbus A350-900,55504.98,3.2,18892.27,12,181257.83,125752.85,0.85,12
DXB-BOM,5,Boeing 777-300ER,71235.15,3.2,26302.18,6,228980.56,157745.41,0.87,6
DXB-BOM,5,Boeing 787-9,48834.7,3.2,16828.67,8,164272.49,115437.79,0.83,8
DXB-BOM,6,Airbus A350-900,35323.51,3.2,18671.37,10,150766.66,115443.15,0.77,10
DXB-BOM,6,Boeing 777-300ER,30926.76,3.2,27591.18,9,176710.18,145783.42,0.76,9
DXB-BOM,6,Boeing 787-9,28221.56,3.2,17605.7,10,138376.76,110155.2,0.76,10
DXB-BOM,7,Airbus A350-900,37092.12,3.2,19421.59,8,158382.69,121290.57,0.79,8
DXB-BOM,7,Boeing 777-300ER,44439.84,3.2,27530.88,7,199361.86,154922.01,0.76,7
DXB-BOM,7,Boeing 787-9,36711.22,3.2,17189.28,10,145459.24,108748.02,0.76,10
DXB-BOM,8,Airbus A350-900,61637.47,3.2,19311.32,8,185445.97,123808.5,0.77,8
DXB-BOM,8,Boeing 777-300ER,50014.03,3.2,27363.66,12,199142.85,149128.82,0.76,12
DXB-BOM,8,Boeing 787-9,37501.91,3.2,17789.16,9,145926.74,108424.83,0.76,9
DXB-BOM,9,Airbus A350-900,53670.98,3.2,19480.24,7,177887.46,124216.48,0.85,7
DXB-BOM,9,Boeing 777-300ER,65761.73,3.2,27845.39,9,225654.7,159892.97,0.82,9
DXB-BOM,9,Boeing 787-9,55194.21,3.2,17610.83,11,172655.48,117461.26,0.83,11
DXB-BOM,10,Airbus A350-900,50393.79,3.2,19433.2,6,180601.12,130207.32,0.86,6
DXB-BOM,10,Boeing 777-300ER,82765.42,3.2,26702.29,13,245058.68,162293.26,0.86,13
DXB-BOM,10,Boeing 787-9,84780.08,3.2,17543.55,7,211129.18,126349.1,0.86,7
DXB-BOM,11,Airbus A350-900,86429.16,3.2,18734.35,12,217145.13,130715.97,0.88,12
DXB-BOM,11,Boeing 777-300ER,48388.48,3.2,27799.32,2,199770.02,151381.54,0.9,2
DXB-BOM,11,Boeing 787-9,75467.93,3.2,17527.0,11,196240.2,120772.27,0.86,11
DXB-BOM,12,Airbus A350-900,116824.26,3.2,19886.99,8,263428.69,146604.43,0.93,8
DXB-BOM,12,Boeing 777-300ER,117671.12,3.2,26993.03,11,295724.87,178053.75,0.92,11
DXB-BOM,12,Boeing 787-9,87723.93,3.2,17034.66,6,210460.53,122736.59,0.92,6
DXB-CAI,1,Airbus A350-900,-39263.17,3.5,20876.22,10,64835.46,104098.63,0.8,10
DXB-CAI,1,Boeing 787-9,-31714.15,3.5,19548.52,6,66942.32,98656.47,0.82,6
DXB-CAI,2,Airbus A350-900,-38466.22,3.5,21164.71,9,63116.77,101582.99,0.78,9
DXB-CAI,2,Boeing 787-9,-27267.56,3.5,19344.72,8,73049.79,100317.35,0.82,8
DXB-CAI,3,Airbus A350-900,-40893.15,3.5,20900.4,10,61746.65,102639.8,0.75,10
DXB-CAI,3,Boeing 787-9,-38831.18,3.5,19553.98,6,56789.89,95621.07,0.77,6
DXB-CAI,4,Airbus A350-900,-36554.27,3.5,21185.07,12,66310.74,102865.01,0.77,12
DXB-CAI,4,Boeing 787-9,-30498.15,3.5,19282.22,6,69638.72,100136.87,0.8,6
DXB-CAI,5,Airbus A350-900,-41528.07,3.5,20863.88,14,59697.39,101225.47,0.7,14
DXB-CAI,5,Boeing 787-9,-36439.89,3.5,19283.32,6,58533.66,94973.55,0.72,6
DXB-CAI,6,Airbus A350-900,-52987.48,3.5,21420.55,9,44456.12,97443.6,0.63,9
DXB-CAI,6,Boeing 787-9,-50206.37,3.5,19118.24,10,39780.41,89986.77,0.68,10
DXB-CAI,7,Airbus A350-900,-51594.62,3.5,20773.4,10,46848.64,98443.25,0.66,10
DXB-CAI,7,Boeing 787-9,-44442.3,3.5,20310.66,6,51659.93,96102.24,0.68,6
DXB-CAI,8,Airbus A350-900,-53264.47,3.5,21686.51,9,44417.48,97681.94,0.64,9
DXB-CAI,8,Boeing 787-9,-39615.11,3.5,19670.08,7,53383.31,92998.42,0.69,7
DXB-CAI,9,Airbus A350-900,-46837.81,3.5,21809.67,8,53629.82,100467.64,0.71,8
DXB-CAI,9,Boeing 787-9,-40939.52,3.5,19287.35,9,50176.04,91115.57,0.72,9
DXB-CAI,10,Airbus A350-900,-47055.75,3.5,20991.51,5,57548.61,104604.37,0.75,5
DXB-CAI,10,Boeing 787-9,-39850.11,3.5,18990.2,11,55187.33,95037.44,0.75,11
DXB-CAI,11,Airbus A350-900,-34073.39,3.5,20968.81,7,69953.15,104026.54,0.72,7
DXB-CAI,11,Boeing 787-9,-35030.91,3.5,18762.82,8,59904.87,94935.78,0.75,8
DXB-CAI,12,Airbus A350-900,-37143.62,3.5,21364.75,10,68153.82,105297.44,0.79,10
DXB-CAI,12,Boeing 787-9,-30830.64,3.5,19105.17,5,68293.11,99123.76,0.82,5
DXB-CDG,1,Airbus A380,412447.7,7.5,88338.2,10,894744.21,482296.51,0.91,10
DXB-CDG,1,Boeing 777-300ER,335778.12,7.5,65521.9,9,701243.18,365465.05,0.93,9
DXB-CDG,1,Boeing 787-9,285879.4,7.5,40911.23,7,549471.39,263591.99,0.92,7
DXB-CDG,2,Airbus A380,424206.68,7.5,89122.92,8,894741.15,470534.47,0.92,8
DXB-CDG,2,Boeing 777-300ER,375583.5,7.5,63138.65,9,748482.33,372898.82,0.93,9
DXB-CDG,2,Boeing 787-9,278340.6,7.5,41653.73,11,549096.06,270755.46,0.92,11
DXB-CDG,3,Airbus A380,386063.69,7.5,90161.91,8,851955.29,465891.6,0.87,8
DXB-CDG,3,Boeing 777-300ER,206099.07,7.5,61564.87,7,531078.7,324979.63,0.88,7
DXB-CDG,3,Boeing 787-9,244289.09,7.5,41615.66,11,501994.0,257704.91,0.88,11
DXB-CDG,4,Airbus A380,416022.51,7.5,92878.9,10,904811.25,488788.74,0.88,10
DXB-CDG,4,Boeing 777-300ER,280504.09,7.5,63732.58,9,625187.68,344683.59,0.88,9
DXB-CDG,4,Boeing 787-9,191833.88,7.5,41231.62,9,442467.61,250633.73,0.87,9
DXB-CDG,5,Airbus A380,407681.91,7.5,88917.31,9,870179.51,462497.6,0.85,9
DXB-CDG,5,Boeing 777-300ER,253365.12,7.5,63097.33,8,594806.89,341441.76,0.82,8
DXB-CDG,5,Boeing 787-9,201668.1,7.5,41926.7,10,446933.64,245265.54,0.83,10
DXB-CDG,6,Airbus A380,201278.17,7.5,87816.16,11,619715.69,418437.52,0.78,11
DXB-CDG,6,Boeing 777-300ER,167796.7,7.5,65357.64,9,500291.22,332494.51,0.77,9
DXB-CDG,6,Boeing 787-9,121618.34,7.5,41833.31,8,345061.8,223443.47,0.76,8
DXB-CDG,7,Airbus A380,159915.14,7.5,90869.32,10,563889.32,403974.18,0.75,10
DXB-CDG,7,Boeing 777-300ER,113851.38,7.5,61614.4,5,422382.04,308530.66,0.76,5
DXB-CDG,7,Boeing 787-9,151857.11,7.5,41309.76,10,388644.75,236787.64,0.75,10
DXB-CDG,8,Airbus A380,200380.43,7.5,91781.13,7,644019.72,443639.3,0.77,7
DXB-CDG,8,Boeing 777-300ER,226402.47,7.5,64076.53,6,557138.37,330735.9,0.77,6
DXB-CDG,8,Boeing 787-9,157419.29,7.5,42095.36,12,401928.72,244509.44,0.77,12
DXB-CDG,9,Airbus A380,227430.71,7.5,88010.72,9,647541.54,420110.83,0.83,9
DXB-CDG,9,Boeing 777-300ER,321099.73,7.5,62999.1,10,680861.97,359762.24,0.82,10
DXB-CDG,9,Boeing 787-9,207762.28,7.5,40824.16,8,460428.89,252666.61,0.85,8
DXB-CDG,10,Airbus A380,415657.02,7.5,90473.87,10,886333.21,470676.19,0.87,10
DXB-CDG,10,Boeing 777-300ER,330633.42,7.5,65349.53,9,703523.3,372889.88,0.87,9
DXB-CDG,10,Boeing 787-9,235765.48,7.5,42638.38,6,491822.73,256057.25,0.87,6
DXB-CDG,11,Airbus A380,416505.44,7.5,89551.97,7,884991.38,468485.94,0.85,7
DXB-CDG,11,Boeing 777-300ER,233885.46,7.5,63135.35,10,572638.55,338753.08,0.86,10
DXB-CDG,11,Boeing 787-9,229536.93,7.5,42489.74,11,490617.43,261080.5,0.89,11
DXB-CDG,12,Airbus A380,484155.84,7.5,90055.22,10,972774.24,488618.4,0.93,10
DXB-CDG,12,Boeing 777-300ER,389308.61,7.5,64591.42,11,767366.45,378057.84,0.93,11
DXB-CDG,12,Boeing 787-9,272061.8,7.5,40144.21,9,536770.34,264708.54,0.93,9
DXB-CMB,1,Airbus A350-900,27444.21,4.5,27129.29,7,172615.21,145171.0,0.8,7
DXB-CMB,1,Boeing 787-9,25529.18,4.5,25437.18,10,157724.51,132195.32,0.8,10
DXB-CMB,2,Airbus A350-900,38969.74,4.5,27068.4,9,186916.45,147946.7,0.79,9
DXB-CMB,2,Boeing 787-9,43233.89,4.5,25517.11,8,183103.7,139869.82,0.79,8
DXB-CMB,3,Airbus A350-900,24364.25,4.5,26776.85,9,164451.1,140086.85,0.76,9
DXB-CMB,3,Boeing 787-9,12443.34,4.5,24936.49,9,141965.02,129521.68,0.76,9
DXB-CMB,4,Airbus A350-900,27986.59,4.5,27382.8,8,172619.6,144633.02,0.76,8
DXB-CMB,4,Boeing 787-9,11615.92,4.5,24107.7,7,136205.7,124589.78,0.74,7
DXB-CMB,5,Airbus A350-900,1935.29,4.5,27832.13,9,142076.96,140141.66,0.71,9
DXB-CMB,5,Boeing 787-9,6589.68,4.5,25397.45,11,133532.78,126943.1,0.71,11
DXB-CMB,6,Airbus A350-900,-3338.08,4.5,27617.82,8,131935.76,135273.84,0.68,8
DXB-CMB,6,Boeing 787-9,-9685.1,4.5,24979.85,12,109281.94,118967.04,0.65,12
DXB-CMB,7,Airbus A350-900,-6614.67,4.5,26528.61,9,121166.55,127781.22,0.65,9
DXB-CMB,7,Boeing 787-9,-20220.8,4.5,24900.22,6,96225.15,116445.96,0.64,6
DXB-CMB,8,Airbus A350-900,-1147.55,4.5,26335.59,8,130271.09,131418.64,0.67,8
DXB-CMB,8,Boeing 787-9,-3375.98,4.5,24501.27,7,120422.64,123798.62,0.66,7
DXB-CMB,9,Airbus A350-900,15607.72,4.5,26798.11,13,156228.5,140620.78,0.72,13
DXB-CMB,9,Boeing 787-9,10289.36,4.5,25726.35,4,136318.15,126028.8,0.73,4
DXB-CMB,10,Airbus A350-900,35165.34,4.5,26188.98,10,179119.0,143953.66,0.78,10
DXB-CMB,10,Boeing 787-9,17647.16,4.5,25317.07,10,150691.69,133044.53,0.78,10
DXB-CMB,11,Airbus A350-900,24620.63,4.5,27266.46,8,165108.94,140488.32,0.74,8
DXB-CMB,11,Boeing 787-9,9050.75,4.5,24836.94,10,139982.49,130931.74,0.73,10
DXB-CMB,12,Airbus A350-900,50723.25,4.5,27289.05,9,200295.82,149572.57,0.82,9
DXB-CMB,12,Boeing 787-9,37770.7,4.5,25133.68,6,176664.14,138893.44,0.79,6
DXB-DEL,1,Airbus A350-900,99982.11,3.5,21094.72,17,244808.32,144826.22,0.92,17
DXB-DEL,1,Boeing 777-300ER,145520.34,3.5,30378.2,5,330555.21,185034.88,0.91,5
DXB-DEL,1,Boeing 787-9,80607.94,3.5,19061.74,8,212384.63,131776.7,0.93,8
DXB-DEL,2,Airbus A350-900,87998.59,3.5,21730.43,12,230034.47,142035.88,0.92,12
DXB-DEL,2,Boeing 777-300ER,70358.49,3.5,29636.82,5,241821.01,171462.51,0.89,5
DXB-DEL,2,Boeing 787-9,61829.47,3.5,18707.46,11,191032.5,129203.03,0.92,11
DXB-DEL,3,Airbus A350-900,69105.23,3.5,21996.12,8,203879.36,134774.13,0.88,8
DXB-DEL,3,Boeing 777-300ER,79663.96,3.5,29323.36,11,250114.97,170451.02,0.87,11
DXB-DEL,3,Boeing 787-9,74077.27,3.5,19504.88,6,203336.54,129259.27,0.88,6
DXB-DEL,4,Airbus A350-900,71719.99,3.5,20435.63,11,205008.45,133288.46,0.87,11
DXB-DEL,4,Boeing 777-300ER,89547.05,3.5,29953.72,9,258153.67,168606.62,0.88,9
DXB-DEL,4,Boeing 787-9,62334.63,3.5,20151.43,7,188431.88,126097.25,0.86,7
DXB-DEL,5,Airbus A350-900,39947.51,3.5,21398.01,3,167117.13,127169.62,0.79,3
DXB-DEL,5,Boeing 777-300ER,53198.72,3.5,30394.53,14,217699.94,164501.22,0.81,14
DXB-DEL,5,Boeing 787-9,42878.57,3.5,19755.06,8,166318.7,123440.13,0.84,8
DXB-DEL,6,Airbus A350-900,36899.17,3.5,20895.04,11,161920.41,125021.24,0.77,11
DXB-DEL,6,Boeing 777-300ER,15968.22,3.5,30581.86,9,170373.57,154405.35,0.76,9
DXB-DEL,6,Boeing 787-9,26926.11,3.5,18642.11,7,141266.26,114340.15,0.75,7
DXB-DEL,7,Airbus A350-900,45704.28,3.5,21446.94,9,175271.85,129567.57,0.78,9
DXB-DEL,7,Boeing 777-300ER,61984.99,3.5,29727.46,9,227741.64,165756.65,0.77,9
DXB-DEL,7,Boeing 787-9,28787.52,3.5,18918.77,9,144553.81,115766.29,0.76,9
DXB-DEL,8,Airbus A350-900,28417.92,3.5,21035.34,11,155908.45,127490.53,0.77,11
DXB-DEL,8,Boeing 777-300ER,11342.53,3.5,28224.69,6,156736.76,145394.23,0.77,6
DXB-DEL,8,Boeing 787-9,32401.93,3.5,19900.98,8,149142.87,116740.94,0.77,8
DXB-DEL,9,Airbus A350-900,43636.37,3.5,20865.68,14,174208.91,130572.54,0.82,14
DXB-DEL,9,Boeing 777-300ER,38948.6,3.5,29280.86,5,202189.65,163241.05,0.85,5
DXB-DEL,9,Boeing 787-9,42200.4,3.5,19076.31,10,165571.31,123370.91,0.83,10
DXB-DEL,10,Airbus A350-900,82686.44,3.5,20496.28,12,221223.92,138537.48,0.86,12
DXB-DEL,10,Boeing 777-300ER,87580.73,3.5,29364.57,7,257891.81,170311.08,0.89,7
DXB-DEL,10,Boeing 787-9,54703.72,3.5,18323.13,11,176163.95,121460.23,0.88,11
DXB-DEL,11,Airbus A350-900,60270.94,3.5,19857.99,6,194299.92,134028.98,0.85,6
DXB-DEL,11,Boeing 777-300ER,80426.23,3.5,30210.22,13,254388.08,173961.85,0.87,13
DXB-DEL,11,Boeing 787-9,76188.89,3.5,19507.44,10,207827.17,131638.28,0.88,10
DXB-DEL,12,Airbus A350-900,78693.24,3.5,20958.29,16,215868.63,137175.39,0.92,16
DXB-DEL,12,Boeing 777-300ER,125846.7,3.5,29323.82,7,307142.15,181295.45,0.92,7
DXB-DEL,12,Boeing 787-9,61385.65,3.5,19126.42,7,189666.65,128281.0,0.94,7
DXB-DOH,1,Airbus A320,3499.56,1.5,3614.68,12,46074.66,42575.09,0.93,12
DXB-DOH,1,Boeing 737-800,3759.22,1.5,3712.32,18,47520.02,43760.8,0.91,18
DXB-DOH,2,Airbus A320,9667.11,1.5,3621.46,18,52842.36,43175.25,0.91,18
DXB-DOH,2,Boeing 737-800,6226.14,1.5,3751.81,10,50294.28,44068.13,0.94,10
DXB-DOH,3,Airbus A320,1496.23,1.5,3550.76,10,45706.13,44209.9,0.87,10
DXB-DOH,3,Boeing 737-800,5970.15,1.5,3717.87,18,49755.87,43785.71,0.87,18
DXB-DOH,4,Airbus A320,6892.66,1.5,3727.23,11,49210.5,42317.84,0.88,11
DXB-DOH,4,Boeing 737-800,-685.75,1.5,3719.99,16,42294.73,42980.47,0.88,16
DXB-DOH,5,Airbus A320,-1180.33,1.5,3655.42,12,37718.72,38899.05,0.81,12
DXB-DOH,5,Boeing 737-800,1977.38,1.5,3755.58,18,44842.2,42864.82,0.82,18
DXB-DOH,6,Airbus A320,-2489.66,1.5,3680.57,13,35481.31,37970.97,0.76,13
DXB-DOH,6,Boeing 737-800,-6890.27,1.5,3779.54,14,32327.36,39217.63,0.75,14
DXB-DOH,7,Airbus A320,-832.43,1.5,3572.23,12,39829.29,40661.71,0.77,12
DXB-DOH,7,Boeing 737-800,-4556.41,1.5,3831.84,14,35308.43,39864.84,0.75,14
DXB-DOH,8,Airbus A320,-6899.03,1.5,3661.19,17,31174.17,38073.21,0.78,17
DXB-DOH,8,Boeing 737-800,-4513.04,1.5,3801.13,12,35056.84,39569.88,0.76,12
DXB-DOH,9,Airbus A320,1139.01,1.5,3649.16,9,42199.68,41060.67,0.85,9
DXB-DOH,9,Boeing 737-800,-42.75,1.5,3668.08,18,41208.4,41251.14,0.83,18
DXB-DOH,10,Airbus A320,3133.58,1.5,3543.44,15,44455.9,41322.32,0.88,15
DXB-DOH,10,Boeing 737-800,6781.22,1.5,3712.56,12,50125.19,43343.97,0.86,12
DXB-DOH,11,Airbus A320,5406.92,1.5,3560.32,13,46694.93,41288.01,0.85,13
DXB-DOH,11,Boeing 737-800,4699.23,1.5,3735.77,16,47600.86,42901.63,0.87,16
DXB-DOH,12,Airbus A320,6319.14,1.5,3622.03,13,50070.67,43751.53,0.92,13
DXB-DOH,12,Boeing 737-800,5877.81,1.5,3694.81,17,50046.64,44168.83,0.92,17
DXB-FRA,1,Airbus A380,642246.26,6.5,79237.73,3,1137241.94,494995.68,0.95,3
DXB-FRA,1,Boeing 777-300ER,289857.23,6.5,54192.52,7,613491.02,323633.79,0.92,7
DXB-FRA,1,Boeing 787-9,304747.21,6.5,35432.55,15,565866.56,261119.35,0.91,15
DXB-FRA,2,Airbus A380,515093.8,6.5,79935.15,12,982464.3,467370.5,0.92,12
DXB-FRA,2,Boeing 777-300ER,414835.32,6.5,57443.24,9,766140.57,351305.26,0.92,9
DXB-FRA,2,Boeing 787-9,315200.53,6.5,36057.41,7,577443.1,262242.57,0.93,7
DXB-FRA,3,Airbus A380,391154.68,6.5,78443.2,9,817287.41,426132.73,0.86,9
DXB-FRA,3,Boeing 777-300ER,393399.85,6.5,54187.43,9,734481.99,341082.14,0.88,9
DXB-FRA,3,Boeing 787-9,275971.3,6.5,34943.15,11,526134.88,250163.58,0.88,11
DXB-FRA,4,Airbus A380,361833.79,6.5,79762.51,7,792627.14,430793.34,0.88,7
DXB-FRA,4,Boeing 777-300ER,359679.66,6.5,55021.66,13,700392.7,340713.04,0.87,13
DXB-FRA,4,Boeing 787-9,245797.98,6.5,36238.09,7,494994.81,249196.83,0.89,7
DXB-FRA,5,Airbus A380,535407.08,6.5,76670.13,6,996301.04,460893.96,0.85,6
DXB-FRA,5,Boeing 777-300ER,289460.62,6.5,55014.18,10,608946.75,319486.13,0.83,10
DXB-FRA,5,Boeing 787-9,242213.47,6.5,36577.43,11,478235.28,236021.81,0.85,11
DXB-FRA,6,Airbus A380,297873.46,6.5,76701.94,11,685862.98,387989.52,0.76,11
DXB-FRA,6,Boeing 777-300ER,177862.9,6.5,55419.61,10,472515.1,294652.2,0.77,10
DXB-FRA,6,Boeing 787-9,107452.13,6.5,35568.53,6,313266.28,205814.15,0.77,6
DXB-FRA,7,Airbus A380,298734.91,6.5,76464.94,8,685393.03,386658.13,0.76,8
DXB-FRA,7,Boeing 777-300ER,194014.29,6.5,54417.01,6,498804.07,304789.78,0.76,6
DXB-FRA,7,Boeing 787-9,169812.15,6.5,36451.78,14,382930.99,213118.84,0.76,14
DXB-FRA,8,Airbus A380,184655.37,6.5,79619.1,12,551543.18,366887.8,0.76,12
DXB-FRA,8,Boeing 777-300ER,214647.64,6.5,54692.3,8,510602.71,295955.07,0.75,8
DXB-FRA,8,Boeing 787-9,115093.87,6.5,35651.74,7,323855.08,208761.21,0.76,7
DXB-FRA,9,Airbus A380,326305.65,6.5,77882.88,9,745546.79,419241.14,0.87,9
DXB-FRA,9,Boeing 777-300ER,303588.33,6.5,50868.05,3,610922.82,307334.49,0.83,3
DXB-FRA,9,Boeing 787-9,180942.72,6.5,35873.23,16,403616.98,222674.26,0.82,16
DXB-FRA,10,Airbus A380,390349.38,6.5,78647.31,9,811731.32,421381.93,0.88,9
DXB-FRA,10,Boeing 777-300ER,309040.59,6.5,55272.59,10,628256.73,319216.14,0.87,10
DXB-FRA,10,Boeing 787-9,222846.71,6.5,36159.67,9,456564.51,233717.8,0.88,9
DXB-FRA,11,Airbus A380,424620.01,6.5,76419.04,13,855897.51,431277.5,0.87,13
DXB-FRA,11,Boeing 777-300ER,324489.6,6.5,54803.66,5,652663.22,328173.62,0.85,5
DXB-FRA,11,Boeing 787-9,225761.04,6.5,37349.76,8,461819.99,236058.95,0.88,8
DXB-FRA,12,Airbus A380,597651.01,6.5,75003.13,7,1072382.84,474731.83,0.92,7
DXB-FRA,12,Boeing 777-300ER,351512.7,6.5,56687.15,8,689686.69,338173.99,0.92,8
DXB-FRA,12,Boeing 787-9,338016.52,6.5,34961.74,10,600825.78,262809.26,0.91,10
DXB-HKG,1,Airbus A380,415343.52,8.5,103327.64,12,937954.03,522610.51,0.93,12
DXB-HKG,1,Boeing 777-300ER,341433.11,8.5,71190.44,6,734422.62,392989.51,0.9,6
DXB-HKG,1,Boeing 787-9,263464.91,8.5,48088.68,11,550397.47,286932.56,0.9,11
DXB-HKG,2,Airbus A380,418296.15,8.5,98653.36,6,940475.91,522179.76,0.91,6
DXB-HKG,2,Boeing 777-300ER,313219.94,8.5,73053.08,13,687718.48,374498.54,0.92,13
DXB-HKG,2,Boeing 787-9,261408.35,8.5,45782.04,8,536041.7,274633.35,0.9,8
DXB-HKG,3,Airbus A380,381456.08,8.5,105949.2,10,896508.52,515052.44,0.88,10
DXB-HKG,3,Boeing 777-300ER,287440.57,8.5,73390.36,7,661455.92,374015.34,0.85,7
DXB-HKG,3,Boeing 787-9,238468.93,8.5,46247.64,10,506805.22,268336.29,0.88,10
DXB-HKG,4,Airbus A380,315272.97,8.5,105795.77,10,821694.96,506421.99,0.88,10
DXB-HKG,4,Boeing 777-300ER,310812.75,8.5,73703.79,11,694930.27,384117.52,0.88,11
DXB-HKG,4,Boeing 787-9,233116.27,8.5,47023.25,8,501981.02,268864.75,0.87,8
DXB-HKG,5,Airbus A380,303636.35,8.5,100435.96,13,795453.62,491817.27,0.83,13
DXB-HKG,5,Boeing 777-300ER,232386.29,8.5,73042.82,8,595209.39,362823.1,0.82,8
DXB-HKG,5,Boeing 787-9,140582.7,8.5,46266.11,6,399480.84,258898.14,0.82,6
DXB-HKG,6,Airbus A380,222271.39,8.5,102787.62,12,680105.1,457833.7,0.79,12
DXB-HKG,6,Boeing 777-300ER,231705.64,8.5,69997.6,9,589925.15,358219.5,0.77,9
DXB-HKG,6,Boeing 787-9,99127.2,8.5,46220.2,6,339268.06,240140.85,0.76,6
DXB-HKG,7,Airbus A380,232383.13,8.5,106736.98,9,713817.58,481434.44,0.75,9
DXB-HKG,7,Boeing 777-300ER,122477.75,8.5,70419.34,8,457791.85,335314.1,0.77,8
DXB-HKG,7,Boeing 787-9,143938.51,8.5,48444.25,8,401062.84,257124.33,0.78,8
DXB-HKG,8,Airbus A380,211508.14,8.5,104332.28,10,687972.71,476464.57,0.76,10
DXB-HKG,8,Boeing 777-300ER,133985.72,8.5,72491.45,10,468628.03,334642.31,0.76,10
DXB-HKG,8,Boeing 787-9,118067.32,8.5,45829.59,10,362073.69,244006.37,0.75,10
DXB-HKG,9,Airbus A380,323373.11,8.5,106584.32,11,822178.18,498805.07,0.82,11
DXB-HKG,9,Boeing 777-300ER,234547.53,8.5,73715.21,7,594757.12,360209.59,0.84,7
DXB-HKG,9,Boeing 787-9,246013.63,8.5,46297.56,7,518126.46,272112.84,0.85,7
DXB-HKG,10,Airbus A380,398180.7,8.5,99236.61,9,924729.34,526548.64,0.88,9
DXB-HKG,10,Boeing 777-300ER,218668.2,8.5,71891.11,10,577405.31,358737.11,0.87,10
DXB-HKG,10,Boeing 787-9,233711.19,8.5,46957.69,8,506439.28,272728.08,0.89,8
DXB-HKG,11,Airbus A380,340401.32,8.5,102100.99,16,827320.73,486919.41,0.86,16
DXB-HKG,11,Boeing 777-300ER,326989.0,8.5,73182.96,5,720500.4,393511.4,0.88,5
DXB-HKG,11,Boeing 787-9,161991.23,8.5,45126.26,9,415869.73,253878.49,0.87,9
DXB-HKG,12,Airbus A380,423781.55,8.5,103315.82,10,965813.87,542032.33,0.92,10
DXB-HKG,12,Boeing 777-300ER,346078.72,8.5,69638.55,8,732123.98,386045.25,0.93,8
DXB-HKG,12,Boeing 787-9,301620.38,8.5,46349.12,11,595523.5,293903.13,0.93,11
DXB-HYD,1,Airbus A350-900,44489.87,4.2,26419.42,12,188785.21,144295.34,0.8,12
DXB-HYD,1,Boeing 787-9,28535.2,4.2,23746.86,8,156521.48,127986.28,0.78,8
DXB-HYD,2,Airbus A350-900,45035.51,4.2,24290.63,13,181249.68,136214.17,0.8,13
DXB-HYD,2,Boeing 787-9,37415.04,4.2,23769.46,6,161508.45,124093.41,0.76,6
DXB-HYD,3,Airbus A350-900,26566.47,4.2,25307.91,6,165079.54,138513.07,0.77,6
DXB-HYD,3,Boeing 787-9,19885.06,4.2,23184.53,9,145109.02,125223.96,0.75,9
DXB-HYD,4,Airbus A350-900,14835.25,4.2,25715.71,9,148754.9,133919.65,0.74,9
DXB-HYD,4,Boeing 787-9,10536.91,4.2,22217.71,7,131772.48,121235.57,0.74,7
DXB-HYD,5,Airbus A350-900,-6927.52,4.2,24535.03,10,117740.09,124667.61,0.72,10
DXB-HYD,5,Boeing 787-9,20361.98,4.2,23175.31,10,144028.58,123666.6,0.74,10
DXB-HYD,6,Airbus A350-900,5656.06,4.2,24490.7,8,131282.38,125626.32,0.64,8
DXB-HYD,6,Boeing 787-9,-2032.91,4.2,23374.24,9,113017.56,115050.47,0.63,9
DXB-HYD,7,Airbus A350-900,5071.76,4.2,25066.6,10,131194.67,126122.91,0.66,10
DXB-HYD,7,Boeing 787-9,10441.6,4.2,23252.3,5,128572.54,118130.94,0.67,5
DXB-HYD,8,Airbus A350-900,-18212.66,4.2,24815.37,7,104087.43,122300.1,0.66,7
DXB-HYD,8,Boeing 787-9,8590.78,4.2,23361.24,8,125191.08,116600.29,0.64,8
DXB-HYD,9,Airbus A350-900,6613.54,4.2,25650.12,6,134322.87,127709.34,0.69,6
DXB-HYD,9,Boeing 787-9,29709.23,4.2,22905.35,11,152520.1,122810.87,0.7,11
DXB-HYD,10,Airbus A350-900,33109.07,4.2,25387.45,12,167247.78,134138.7,0.75,12
DXB-HYD,10,Boeing 787-9,35502.01,4.2,23544.45,6,164077.68,128575.67,0.74,6
DXB-HYD,11,Airbus A350-900,8889.21,4.2,25572.91,6,142138.78,133249.57,0.76,6
DXB-HYD,11,Boeing 787-9,23377.59,4.2,22723.96,11,149537.33,126159.75,0.77,11
DXB-HYD,12,Airbus A350-900,54065.74,4.2,25606.93,10,198053.76,143988.02,0.83,10
DXB-HYD,12,Boeing 787-9,25771.22,4.2,22905.53,10,152800.24,127029.02,0.8,10
DXB-IST,1,Airbus A350-900,62665.45,5.0,29863.26,14,231653.14,168987.69,0.92,14
DXB-IST,1,Boeing 777-300ER,59205.52,5.0,42543.37,9,271400.23,212194.71,0.91,9
DXB-IST,1,Boeing 787-9,71668.78,5.0,27719.32,6,228270.4,156601.61,0.92,6
DXB-IST,2,Airbus A350-900,90383.98,5.0,29539.47,10,261085.11,170701.12,0.93,10
DXB-IST,2,Boeing 777-300ER,119621.04,5.0,41686.9,6,349484.65,229863.61,0.92,6
DXB-IST,2,Boeing 787-9,54604.4,5.0,27133.72,10,211479.02,156874.63,0.91,10
DXB-IST,3,Airbus A350-900,60265.37,5.0,30695.12,7,226759.98,166494.61,0.89,7
DXB-IST,3,Boeing 777-300ER,41987.38,5.0,41860.7,8,238785.35,196797.97,0.86,8
DXB-IST,3,Boeing 787-9,36314.37,5.0,27238.78,10,187369.63,151055.26,0.88,10
DXB-IST,4,Airbus A350-900,35732.03,5.0,30336.76,7,197537.53,161805.5,0.86,7
DXB-IST,4,Boeing 777-300ER,61707.97,5.0,42515.54,9,266567.44,204859.47,0.86,9
DXB-IST,4,Boeing 787-9,30067.02,5.0,27602.65,11,179687.22,149620.2,0.88,11
DXB-IST,5,Airbus A350-900,35685.53,5.0,28630.18,8,193416.44,157730.9,0.85,8
DXB-IST,5,Boeing 777-300ER,48837.59,5.0,42363.97,9,253234.12,204396.53,0.81,9
DXB-IST,5,Boeing 787-9,36162.0,5.0,27836.72,10,182382.57,146220.57,0.83,10
DXB-IST,6,Airbus A350-900,11559.46,5.0,29647.84,6,162840.54,151281.07,0.75,6
DXB-IST,6,Boeing 777-300ER,1052.42,5.0,42252.88,6,191928.05,190875.63,0.75,6
DXB-IST,6,Boeing 787-9,18419.74,5.0,27255.69,13,158908.72,140488.98,0.76,13
DXB-IST,7,Airbus A350-900,-18416.15,5.0,29573.61,5,121903.71,140319.86,0.74,5
DXB-IST,7,Boeing 777-300ER,8967.44,5.0,42280.96,15,200385.68,191418.23,0.75,15
DXB-IST,7,Boeing 787-9,-6271.53,5.0,26832.84,6,128546.19,134817.72,0.76,6
DXB-IST,8,Airbus A350-900,9296.66,5.0,29564.45,13,160498.13,151201.47,0.77,13
DXB-IST,8,Boeing 777-300ER,21902.89,5.0,41624.71,9,217476.52,195573.63,0.76,9
DXB-IST,8,Boeing 787-9,8602.83,5.0,27440.72,7,148047.47,139444.64,0.75,7
DXB-IST,9,Airbus A350-900,34321.21,5.0,30237.05,9,197556.94,163235.73,0.81,9
DXB-IST,9,Boeing 777-300ER,28681.74,5.0,41844.6,6,227469.11,198787.37,0.81,6
DXB-IST,9,Boeing 787-9,25393.36,5.0,27716.76,12,169086.46,143693.1,0.82,12
DXB-IST,10,Airbus A350-900,39592.83,5.0,30370.16,12,202014.87,162422.04,0.87,12
DXB-IST,10,Boeing 777-300ER,42360.07,5.0,41888.63,12,245108.89,202748.82,0.88,12
DXB-IST,10,Boeing 787-9,40462.87,5.0,27364.78,6,187631.85,147168.98,0.89,6
DXB-IST,11,Airbus A350-900,55914.92,5.0,30600.41,7,219021.33,163106.42,0.87,7
DXB-IST,11,Boeing 777-300ER,43343.16,5.0,43324.88,12,246593.81,203250.65,0.87,12
DXB-IST,11,Boeing 787-9,27683.11,5.0,27969.93,9,177718.37,150035.25,0.88,9
DXB-IST,12,Airbus A350-900,55339.35,5.0,30750.51,7,223176.34,167836.99,0.92,7
DXB-IST,12,Boeing 777-300ER,83248.79,5.0,42260.84,10,302462.47,219213.69,0.93,10
DXB-IST,12,Boeing 787-9,82049.03,5.0,26820.63,13,242296.91,160247.88,0.93,13
DXB-JED,1,Airbus A320,-21829.46,3.0,7076.12,4,28667.99,50497.45,0.78,4
DXB-JED,1,Boeing 737-800,-12000.2,3.0,7438.55,12,42524.12,54524.31,0.79,12
DXB-JED,2,Airbus A320,-20888.48,3.0,6904.24,3,32222.29,53110.76,0.8,3
DXB-JED,2,Boeing 737-800,-14891.09,3.0,7591.78,13,40103.31,54994.4,0.81,13
DXB-JED,3,Airbus A320,-21713.01,3.0,7168.43,10,29635.51,51348.52,0.77,10
DXB-JED,3,Boeing 737-800,-15701.06,3.0,7563.7,6,36867.91,52568.97,0.75,6
DXB-JED,4,Airbus A320,-18082.5,3.0,7372.06,12,34990.34,53072.83,0.75,12
DXB-JED,4,Boeing 737-800,-15495.58,3.0,7309.41,8,38124.23,53619.81,0.75,8
DXB-JED,5,Airbus A320,-19008.24,3.0,7126.7,10,31038.6,50046.84,0.7,10
DXB-JED,5,Boeing 737-800,-19772.92,3.0,7436.91,8,33509.17,53282.09,0.72,8
DXB-JED,6,Airbus A320,-21561.97,3.0,6987.81,7,27664.78,49226.74,0.67,7
DXB-JED,6,Boeing 737-800,-21016.7,3.0,7395.25,12,29629.6,50646.3,0.65,12
DXB-JED,7,Airbus A320,-21018.32,3.0,7454.09,8,26576.73,47595.05,0.66,8
DXB-JED,7,Boeing 737-800,-18963.35,3.0,7458.92,9,32317.11,51280.46,0.67,9
DXB-JED,8,Airbus A320,-21254.23,3.0,7044.83,10,26912.62,48166.86,0.66,10
DXB-JED,8,Boeing 737-800,-24189.81,3.0,7489.12,7,26738.72,50928.53,0.67,7
DXB-JED,9,Airbus A320,-18494.48,3.0,6847.6,6,33596.99,52091.47,0.73,6
DXB-JED,9,Boeing 737-800,-25139.06,3.0,7080.11,12,25295.96,50435.02,0.7,12
DXB-JED,10,Airbus A320,-19962.46,3.0,7092.07,8,30899.54,50862.0,0.74,8
DXB-JED,10,Boeing 737-800,-20482.72,3.0,7343.73,7,32729.6,53212.32,0.72,7
DXB-JED,11,Airbus A320,-20317.56,3.0,7120.49,8,29110.55,49428.11,0.75,8
DXB-JED,11,Boeing 737-800,-17884.05,3.0,7672.67,8,35328.15,53212.2,0.77,8
DXB-JED,12,Airbus A320,-11900.1,3.0,7168.95,8,38590.03,50490.13,0.79,8
DXB-JED,12,Boeing 737-800,-16495.16,3.0,7846.06,9,38243.73,54738.9,0.8,9
DXB-JFK,1,Airbus A380,228761.48,14.0,163264.33,8,927649.89,698888.41,0.93,8
DXB-JFK,1,Boeing 777-300ER,154115.09,14.0,116513.87,9,679098.61,524983.53,0.9,9
DXB-JFK,1,Boeing 787-9,197628.27,14.0,77020.42,11,586833.0,389204.72,0.91,11
DXB-JFK,2,Airbus A380,147432.26,14.0,166732.38,6,837812.94,690380.68,0.92,6
DXB-JFK,2,Boeing 777-300ER,197684.7,14.0,120456.35,12,737652.95,539968.25,0.92,12
DXB-JFK,2,Boeing 787-9,181670.65,14.0,77048.87,8,559448.62,377777.98,0.92,8
DXB-JFK,3,Airbus A380,188792.08,14.0,164909.26,10,897654.18,708862.1,0.88,10
DXB-JFK,3,Boeing 777-300ER,74478.26,14.0,118606.87,11,570633.53,496155.27,0.86,11
DXB-JFK,3,Boeing 787-9,139726.93,14.0,76913.34,7,522783.15,383056.22,0.86,7
DXB-JFK,4,Airbus A380,194303.24,14.0,166721.17,12,895271.02,700967.78,0.88,12
DXB-JFK,4,Boeing 777-300ER,246469.06,14.0,117994.84,3,794929.59,548460.53,0.87,3
DXB-JFK,4,Boeing 787-9,121135.87,14.0,78474.96,10,487857.58,366721.71,0.89,10
DXB-JFK,5,Airbus A380,137034.48,14.0,171056.66,7,813498.23,676463.76,0.84,7
DXB-JFK,5,Boeing 777-300ER,154853.65,14.0,119367.23,9,683256.7,528403.05,0.82,9
DXB-JFK,5,Boeing 787-9,60922.05,14.0,77637.78,11,413679.57,352757.52,0.84,11
DXB-JFK,6,Airbus A380,49546.6,14.0,168016.15,8,712071.69,662525.09,0.78,8
DXB-JFK,6,Boeing 777-300ER,54867.25,14.0,121075.09,11,550377.13,495509.88,0.77,11
DXB-JFK,6,Boeing 787-9,46596.14,14.0,77406.36,11,388808.06,342211.92,0.76,11
DXB-JFK,7,Airbus A380,72991.77,14.0,167371.71,10,747210.53,674218.76,0.77,10
DXB-JFK,7,Boeing 777-300ER,95690.5,14.0,118490.6,6,601040.22,505349.73,0.74,6
DXB-JFK,7,Boeing 787-9,44210.94,14.0,77462.07,10,394081.88,349870.94,0.77,10
DXB-JFK,8,Airbus A380,-25722.4,14.0,168306.29,11,615700.72,641423.12,0.76,11
DXB-JFK,8,Boeing 777-300ER,64806.9,14.0,116627.05,9,553222.25,488415.35,0.77,9
DXB-JFK,8,Boeing 787-9,40093.8,14.0,78089.66,9,391162.95,351069.15,0.77,9
DXB-JFK,9,Airbus A380,130259.14,14.0,167907.55,11,799695.35,669436.21,0.85,11
DXB-JFK,9,Boeing 777-300ER,128100.29,14.0,118194.18,5,643994.56,515894.27,0.83,5
DXB-JFK,9,Boeing 787-9,111476.95,14.0,78952.7,9,478894.32,367417.37,0.84,9
DXB-JFK,10,Airbus A380,150423.16,14.0,168387.32,8,845664.32,695241.16,0.86,8
DXB-JFK,10,Boeing 777-300ER,215874.71,14.0,121640.63,7,759495.15,543620.43,0.89,7
DXB-JFK,10,Boeing 787-9,83036.88,14.0,77079.24,10,444947.64,361910.76,0.87,10
DXB-JFK,11,Airbus A380,140235.04,14.0,166948.41,13,824170.82,683935.78,0.88,13
DXB-JFK,11,Boeing 777-300ER,161296.62,14.0,121309.75,9,687408.21,526111.59,0.87,9
DXB-JFK,11,Boeing 787-9,86944.0,14.0,75557.91,8,445123.64,358179.64,0.87,8
DXB-JFK,12,Airbus A380,190745.1,14.0,164978.99,14,893641.85,702896.75,0.91,14
DXB-JFK,12,Boeing 777-300ER,253384.02,14.0,116641.03,8,798559.75,545175.73,0.93,8
DXB-JFK,12,Boeing 787-9,133776.27,14.0,77044.67,7,501214.49,367438.22,0.93,7
DXB-KHI,1,Airbus A320,45746.02,2.5,5873.8,10,107238.22,61492.19,0.78,10
DXB-KHI,1,Boeing 737-800,48794.43,2.5,6124.63,6,115969.4,67174.97,0.83,6
DXB-KHI,2,Airbus A320,44699.37,2.5,5959.7,13,105734.81,61035.45,0.78,13
DXB-KHI,2,Boeing 737-800,34776.88,2.5,6238.91,7,100270.77,65493.89,0.81,7
DXB-KHI,3,Airbus A320,44579.23,2.5,5965.43,10,104102.17,59522.94,0.78,10
DXB-KHI,3,Boeing 737-800,18317.09,2.5,6393.43,6,73020.04,54702.95,0.76,6
DXB-KHI,4,Airbus A320,37256.33,2.5,6212.66,9,98519.14,61262.82,0.76,9
DXB-KHI,4,Boeing 737-800,25177.76,2.5,6293.73,7,81968.14,56790.38,0.74,7
DXB-KHI,5,Airbus A320,34393.27,2.5,5983.17,9,92488.29,58095.02,0.71,9
DXB-KHI,5,Boeing 737-800,27504.06,2.5,6440.7,8,86847.26,59343.21,0.71,8
DXB-KHI,6,Airbus A320,13080.13,2.5,5983.82,7,66736.55,53656.42,0.64,7
DXB-KHI,6,Boeing 737-800,22592.28,2.5,5963.11,11,76712.3,54120.01,0.65,11
DXB-KHI,7,Airbus A320,16348.45,2.5,5961.81,12,69454.4,53105.95,0.66,12
DXB-KHI,7,Boeing 737-800,8015.04,2.5,6270.47,8,60825.71,52810.68,0.66,8
DXB-KHI,8,Airbus A320,14627.39,2.5,6171.91,13,66347.11,51719.72,0.65,13
DXB-KHI,8,Boeing 737-800,27377.97,2.5,6276.74,7,86714.95,59336.98,0.67,7
DXB-KHI,9,Airbus A320,19635.04,2.5,5964.36,7,76658.03,57022.98,0.69,7
DXB-KHI,9,Boeing 737-800,33885.48,2.5,6431.27,8,93633.72,59748.25,0.7,8
DXB-KHI,10,Airbus A320,31130.76,2.5,6045.5,10,87908.34,56777.58,0.76,10
DXB-KHI,10,Boeing 737-800,24396.87,2.5,6408.0,7,85688.04,61291.17,0.76,7
DXB-KHI,11,Airbus A320,30267.45,2.5,5958.81,7,87201.96,56934.51,0.76,7
DXB-KHI,11,Boeing 737-800,34753.26,2.5,6322.04,10,94457.5,59704.24,0.73,10
DXB-KHI,12,Airbus A320,47814.79,2.5,6059.56,4,111129.42,63314.63,0.8,4
DXB-KHI,12,Boeing 737-800,46150.51,2.5,6338.59,11,111883.22,65732.71,0.83,11
DXB-KUL,1,Airbus A350-900,171811.92,7.5,43288.02,7,421044.92,249233.0,0.82,7
DXB-KUL,1,Boeing 777-300ER,249921.27,7.5,62085.93,8,581163.93,331242.66,0.78,8
DXB-KUL,2,Airbus A350-900,243668.65,7.5,43946.76,8,513014.97,269346.32,0.77,8
DXB-KUL,2,Boeing 777-300ER,214612.57,7.5,63788.14,11,538688.23,324075.66,0.83,11
DXB-KUL,3,Airbus A350-900,189101.88,7.5,43703.05,8,436060.1,246958.22,0.76,8
DXB-KUL,3,Boeing 777-300ER,234378.91,7.5,63902.35,9,562359.82,327980.92,0.75,9
DXB-KUL,4,Airbus A350-900,188976.55,7.5,45170.58,9,439971.68,250995.13,0.74,9
DXB-KUL,4,Boeing 777-300ER,205507.41,7.5,64808.72,9,520859.14,315351.74,0.74,9
DXB-KUL,5,Airbus A350-900,136407.32,7.5,45114.78,12,369720.48,233313.16,0.69,12
DXB-KUL,5,Boeing 777-300ER,181931.42,7.5,62388.98,8,493825.11,311893.69,0.69,8
DXB-KUL,6,Airbus A350-900,83125.53,7.5,45896.12,8,311788.72,228663.19,0.65,8
DXB-KUL,6,Boeing 777-300ER,125872.6,7.5,62601.55,11,422955.54,297082.94,0.67,11
DXB-KUL,7,Airbus A350-900,89341.51,7.5,44984.09,11,309549.79,220208.28,0.66,11
DXB-KUL,7,Boeing 777-300ER,116743.24,7.5,64587.52,9,404959.02,288215.77,0.67,9
DXB-KUL,8,Airbus A350-900,75961.1,7.5,44212.82,10,289692.76,213731.66,0.65,10
DXB-KUL,8,Boeing 777-300ER,80793.91,7.5,63994.49,9,370651.49,289857.58,0.65,9
DXB-KUL,9,Airbus A350-900,158372.29,7.5,43360.95,4,393983.56,235611.27,0.7,4
DXB-KUL,9,Boeing 777-300ER,156546.8,7.5,64871.08,11,463813.44,307266.64,0.73,11
DXB-KUL,10,Airbus A350-900,171175.34,7.5,44928.42,12,413593.5,242418.16,0.72,12
DXB-KUL,10,Boeing 777-300ER,247546.98,7.5,64052.3,4,584482.41,336935.43,0.77,4
DXB-KUL,11,Airbus A350-900,212694.59,7.5,44855.17,9,463458.09,250763.51,0.75,9
DXB-KUL,11,Boeing 777-300ER,190441.97,7.5,63579.64,9,506852.07,316410.1,0.73,9
DXB-KUL,12,Airbus A350-900,160108.19,7.5,46810.26,7,409943.96,249835.77,0.78,7
DXB-KUL,12,Boeing 777-300ER,229682.59,7.5,64524.42,13,553569.05,323886.46,0.78,13
DXB-KWI,1,Airbus A320,6637.64,2.0,4765.19,12,55405.17,48767.53,0.92,12
DXB-KWI,1,Boeing 737-800,2514.57,2.0,5004.95,17,52741.99,50227.42,0.91,17
DXB-KWI,2,Airbus A320,6626.38,2.0,4776.76,14,52355.16,45728.78,0.93,14
DXB-KWI,2,Boeing 737-800,18.27,2.0,5021.38,15,48005.53,47987.26,0.92,15
DXB-KWI,3,Airbus A320,-1356.39,2.0,4734.41,16,44974.78,46331.17,0.86,16
DXB-KWI,3,Boeing 737-800,-2860.84,2.0,4967.39,13,45383.33,48244.17,0.88,13
DXB-KWI,4,Airbus A320,-723.57,2.0,4869.87,14,46531.28,47254.85,0.86,14
DXB-KWI,4,Boeing 737-800,-501.37,2.0,4956.68,16,47024.16,47525.53,0.9,16
DXB-KWI,5,Airbus A320,-4287.77,2.0,4788.91,15,40733.66,45021.44,0.83,15
DXB-KWI,5,Boeing 737-800,-3662.08,2.0,5155.27,10,43206.6,46868.67,0.85,10
DXB-KWI,6,Airbus A320,-8626.51,2.0,4778.15,13,34312.12,42938.63,0.76,13
DXB-KWI,6,Boeing 737-800,-8150.58,2.0,5120.42,12,37194.28,45344.87,0.76,12
DXB-KWI,7,Airbus A320,-8540.83,2.0,4808.66,14,35106.05,43646.87,0.77,14
DXB-KWI,7,Boeing 737-800,-6014.16,2.0,5034.12,15,39544.02,45558.18,0.76,15
DXB-KWI,8,Airbus A320,-7714.19,2.0,4752.49,13,35115.99,42830.19,0.76,13
DXB-KWI,8,Boeing 737-800,-9202.22,2.0,5024.99,16,33404.61,42606.83,0.77,16
DXB-KWI,9,Airbus A320,-4201.05,2.0,4876.75,17,39739.01,43940.06,0.81,17
DXB-KWI,9,Boeing 737-800,-3292.09,2.0,5021.2,12,41573.89,44865.98,0.82,12
DXB-KWI,10,Airbus A320,373.11,2.0,4880.97,16,45903.43,45530.32,0.86,16
DXB-KWI,10,Boeing 737-800,4295.34,2.0,4869.8,13,53715.62,49420.28,0.85,13
DXB-KWI,11,Airbus A320,-2909.47,2.0,4862.01,13,45075.08,47984.55,0.9,13
DXB-KWI,11,Boeing 737-800,-1664.45,2.0,5004.32,17,45812.4,47476.86,0.87,17
DXB-KWI,12,Airbus A320,4326.82,2.0,4715.38,14,52716.74,48389.92,0.92,14
DXB-KWI,12,Boeing 737-800,3887.2,2.0,4958.64,14,51847.21,47960.01,0.93,14
DXB-LAX,1,Airbus A350-900,59232.69,16.0,97669.4,12,482223.37,422990.68,0.82,12
DXB-LAX,1,Boeing 777-300ER,-1565.11,16.0,136039.11,8,541574.28,543139.38,0.8,8
DXB-LAX,2,Airbus A350-900,32117.72,16.0,96713.43,12,448355.87,416238.15,0.81,12
DXB-LAX,2,Boeing 777-300ER,-42901.91,16.0,126361.47,5,465062.89,507964.8,0.78,5
DXB-LAX,3,Airbus A350-900,32124.37,16.0,97168.03,8,447046.0,414921.64,0.79,8
DXB-LAX,3,Boeing 777-300ER,-20730.34,16.0,140580.95,12,510532.69,531263.04,0.75,12
DXB-LAX,4,Airbus A350-900,-29327.57,16.0,95955.01,7,371359.82,400687.38,0.75,7
DXB-LAX,4,Boeing 777-300ER,-48928.35,16.0,138194.01,8,471780.26,520708.61,0.77,8
DXB-LAX,5,Airbus A350-900,-73880.31,16.0,100454.58,7,321089.27,394969.58,0.72,7
DXB-LAX,5,Boeing 777-300ER,-51022.23,16.0,138942.06,9,472576.09,523598.32,0.73,9
DXB-LAX,6,Airbus A350-900,-83073.95,16.0,98415.58,5,307039.71,390113.66,0.65,5
DXB-LAX,6,Boeing 777-300ER,-128602.31,16.0,136152.29,12,368676.49,497278.8,0.65,12
DXB-LAX,7,Airbus A350-900,-93071.81,16.0,97588.01,11,283542.02,376613.83,0.65,11
DXB-LAX,7,Boeing 777-300ER,-129189.25,16.0,136272.28,7,375252.88,504442.14,0.64,7
DXB-LAX,8,Airbus A350-900,-81143.21,16.0,94690.47,6,295211.07,376354.28,0.66,6
DXB-LAX,8,Boeing 777-300ER,-135180.5,16.0,140278.29,11,370822.17,506002.67,0.65,11
DXB-LAX,9,Airbus A350-900,-47257.61,16.0,95142.4,6,341210.78,388468.38,0.74,6
DXB-LAX,9,Boeing 777-300ER,-71123.26,16.0,137340.24,11,439527.15,510650.41,0.71,11
DXB-LAX,10,Airbus A350-900,-48869.15,16.0,95687.96,9,339868.1,388737.26,0.74,9
DXB-LAX,10,Boeing 777-300ER,-27301.92,16.0,142044.95,8,506446.58,533748.5,0.77,8
DXB-LAX,11,Airbus A350-900,28865.96,16.0,96555.42,8,435878.08,407012.13,0.74,8
DXB-LAX,11,Boeing 777-300ER,17836.85,16.0,135074.0,9,568623.81,550786.96,0.74,9
DXB-LAX,12,Airbus A350-900,27185.52,16.0,96459.35,8,427347.76,400162.23,0.77,8
DXB-LAX,12,Boeing 777-300ER,-33419.63,16.0,133315.07,7,492072.45,525492.07,0.81,7
DXB-LHE,1,Airbus A350-900,61222.67,3.5,20951.16,12,189362.46,128139.79,0.81,12
DXB-LHE,1,Boeing 787-9,39456.12,3.5,19020.48,6,153766.46,114310.34,0.78,6
DXB-LHE,2,Airbus A350-900,29204.74,3.5,21387.41,3,150057.85,120853.11,0.83,3
DXB-LHE,2,Boeing 787-9,46414.59,3.5,19325.9,12,163295.97,116881.38,0.79,12
DXB-LHE,3,Airbus A350-900,24246.65,3.5,21467.5,9,140059.96,115813.31,0.73,9
DXB-LHE,3,Boeing 787-9,45933.54,3.5,19129.04,8,166709.76,120776.22,0.76,8
DXB-LHE,4,Airbus A350-900,44804.46,3.5,20977.58,7,167616.49,122812.04,0.77,7
DXB-LHE,4,Boeing 787-9,47922.88,3.5,19978.21,9,167275.74,119352.86,0.75,9
DXB-LHE,5,Airbus A350-900,38184.56,3.5,21307.0,6,159330.37,121145.81,0.71,6
DXB-LHE,5,Boeing 787-9,33962.28,3.5,18883.68,9,144671.23,110708.95,0.74,9
DXB-LHE,6,Airbus A350-900,21472.13,3.5,20302.75,8,133075.0,111602.87,0.65,8
DXB-LHE,6,Boeing 787-9,14269.66,3.5,19707.41,12,122440.54,108170.88,0.66,12
DXB-LHE,7,Airbus A350-900,26742.32,3.5,21571.85,7,139758.57,113016.26,0.64,7
DXB-LHE,7,Boeing 787-9,3856.13,3.5,19254.14,9,107732.92,103876.79,0.68,9
DXB-LHE,8,Airbus A350-900,15553.71,3.5,20222.5,13,128409.6,112855.9,0.67,13
DXB-LHE,8,Boeing 787-9,26007.85,3.5,18981.86,6,132200.64,106192.78,0.67,6
DXB-LHE,9,Airbus A350-900,39107.32,3.5,20018.23,8,161363.55,122256.23,0.72,8
DXB-LHE,9,Boeing 787-9,18427.88,3.5,19456.84,7,127970.11,109542.23,0.72,7
DXB-LHE,10,Airbus A350-900,43273.53,3.5,20967.68,10,165481.31,122207.78,0.76,10
DXB-LHE,10,Boeing 787-9,52055.37,3.5,19421.9,7,168568.55,116513.18,0.76,7
DXB-LHE,11,Airbus A350-900,29805.51,3.5,20981.64,6,151690.26,121884.75,0.75,6
DXB-LHE,11,Boeing 787-9,26234.7,3.5,19934.24,14,136345.79,110111.09,0.75,14
DXB-LHE,12,Airbus A350-900,68181.55,3.5,21239.06,7,197858.0,129676.45,0.79,7
DXB-LHE,12,Boeing 787-9,45839.01,3.5,19402.84,8,163395.75,117556.74,0.78,8
DXB-LHR,1,Airbus A380,-27812.72,7.0,83788.08,7,329342.23,357154.95,0.92,7
DXB-LHR,1,Boeing 777-300ER,-7821.95,7.0,61013.69,10,259409.49,267231.44,0.92,10
DXB-LHR,1,Boeing 787-9,15358.9,7.0,38374.65,12,212626.54,197267.64,0.93,12
DXB-LHR,2,Airbus A380,57343.27,7.0,82107.68,13,423454.45,366111.18,0.91,13
DXB-LHR,2,Boeing 777-300ER,-18733.61,7.0,59829.56,9,247072.47,265806.09,0.91,9
DXB-LHR,2,Boeing 787-9,-2673.64,7.0,39683.18,7,195125.14,197798.78,0.93,7
DXB-LHR,3,Airbus A380,-45609.29,7.0,84659.85,14,302140.81,347750.1,0.87,14
DXB-LHR,3,Boeing 777-300ER,-17360.86,7.0,59739.87,10,240214.25,257575.11,0.87,10
DXB-LHR,3,Boeing 787-9,1014.16,7.0,38084.7,6,195192.9,194178.74,0.89,6
DXB-LHR,4,Airbus A380,-10825.22,7.0,86895.24,6,358889.52,369714.74,0.88,6
DXB-LHR,4,Boeing 777-300ER,-23319.35,7.0,60394.78,7,239594.85,262914.21,0.88,7
DXB-LHR,4,Boeing 787-9,14361.41,7.0,39942.58,12,211117.33,196755.92,0.88,12
DXB-LHR,5,Airbus A380,-50510.31,7.0,82300.66,9,287551.35,338061.66,0.83,9
DXB-LHR,5,Boeing 777-300ER,-34767.7,7.0,58829.6,12,218958.02,253725.72,0.82,12
DXB-LHR,5,Boeing 787-9,-4655.9,7.0,38507.15,8,185306.11,189962.01,0.82,8
DXB-LHR,6,Airbus A380,-57313.45,7.0,82561.83,11,272135.35,329448.8,0.77,11
DXB-LHR,6,Boeing 777-300ER,-57293.1,7.0,57840.45,11,190015.58,247308.69,0.78,11
DXB-LHR,6,Boeing 787-9,-39323.99,7.0,38676.82,8,134870.85,174194.84,0.76,8
DXB-LHR,7,Airbus A380,-69460.41,7.0,82008.24,10,263929.72,333390.13,0.77,10
DXB-LHR,7,Boeing 777-300ER,-51687.58,7.0,59111.39,12,196105.0,247792.58,0.77,12
DXB-LHR,7,Boeing 787-9,-26902.59,7.0,37051.98,8,158148.28,185050.86,0.76,8
DXB-LHR,8,Airbus A380,-70569.22,7.0,81151.46,7,263816.19,334385.42,0.76,7
DXB-LHR,8,Boeing 777-300ER,-57757.17,7.0,58166.88,6,189614.25,247371.42,0.75,6
DXB-LHR,8,Boeing 787-9,-36678.91,7.0,38164.54,13,143076.76,179755.67,0.78,13
DXB-LHR,9,Airbus A380,-71057.3,7.0,86217.7,7,275560.13,346617.43,0.82,7
DXB-LHR,9,Boeing 777-300ER,-18619.34,7.0,60786.72,10,242320.79,260940.13,0.81,10
DXB-LHR,9,Boeing 787-9,-18391.55,7.0,37393.27,11,164908.89,183300.44,0.83,11
DXB-LHR,10,Airbus A380,8308.54,7.0,81501.49,8,353940.59,345632.05,0.87,8
DXB-LHR,10,Boeing 777-300ER,772.31,7.0,59400.38,10,263304.62,262532.32,0.9,10
DXB-LHR,10,Boeing 787-9,7583.21,7.0,38646.05,11,198584.33,191001.12,0.88,11
DXB-LHR,11,Airbus A380,-25319.68,7.0,82913.77,13,321826.68,347146.36,0.86,13
DXB-LHR,11,Boeing 777-300ER,6349.54,7.0,59681.21,7,269755.36,263405.82,0.88,7
DXB-LHR,11,Boeing 787-9,-3285.84,7.0,39107.81,10,188879.91,192165.75,0.86,10
DXB-LHR,12,Airbus A380,-22468.19,7.0,85823.17,7,338301.93,360770.12,0.88,7
DXB-LHR,12,Boeing 777-300ER,4316.19,7.0,59578.04,10,277786.21,273470.02,0.92,10
DXB-LHR,12,Boeing 787-9,15375.44,7.0,37916.49,12,211945.8,196570.36,0.93,12
DXB-MAA,1,Airbus A350-900,18989.25,4.5,26747.69,7,160330.93,141341.68,0.82,7
DXB-MAA,1,Boeing 787-9,24400.46,4.5,24720.41,8,156930.93,132530.47,0.82,8
DXB-MAA,2,Airbus A350-900,18207.36,4.5,28041.72,10,161286.14,143078.78,0.79,10
DXB-MAA,2,Boeing 787-9,21710.63,4.5,24755.69,9,155109.25,133398.62,0.79,9
DXB-MAA,3,Airbus A350-900,37571.38,4.5,26145.59,9,179630.78,142059.4,0.77,9
DXB-MAA,3,Boeing 787-9,19778.52,4.5,24625.57,6,151227.12,131448.6,0.73,6
DXB-MAA,4,Airbus A350-900,27162.08,4.5,26260.22,5,168159.62,140997.54,0.75,5
DXB-MAA,4,Boeing 787-9,9838.99,4.5,25655.35,12,138718.55,128879.55,0.75,12
DXB-MAA,5,Airbus A350-900,-5929.4,4.5,26652.56,10,127631.11,133560.51,0.7,10
DXB-MAA,5,Boeing 787-9,16896.44,4.5,24206.86,7,143530.3,126633.86,0.72,7
DXB-MAA,6,Airbus A350-900,-17878.82,4.5,27224.59,11,112458.85,130337.66,0.66,11
DXB-MAA,6,Boeing 787-9,-9905.44,4.5,24555.73,9,110706.82,120612.25,0.65,9
DXB-MAA,7,Airbus A350-900,-5250.33,4.5,26895.0,5,130269.94,135520.27,0.66,5
DXB-MAA,7,Boeing 787-9,-18943.29,4.5,25227.69,15,102480.19,121423.48,0.65,15
DXB-MAA,8,Airbus A350-900,-2742.77,4.5,27396.24,10,131621.41,134364.18,0.66,10
DXB-MAA,8,Boeing 787-9,-26904.69,4.5,24633.55,7,89901.69,116806.38,0.66,7
DXB-MAA,9,Airbus A350-900,-7133.43,4.5,27877.64,6,122427.14,129560.56,0.69,6
DXB-MAA,9,Boeing 787-9,-7703.04,4.5,24489.26,11,116985.63,124688.67,0.7,11
DXB-MAA,10,Airbus A350-900,24084.75,4.5,27314.82,10,168012.08,143927.33,0.74,10
DXB-MAA,10,Boeing 787-9,14712.13,4.5,24159.04,7,140537.25,125825.13,0.72,7
DXB-MAA,11,Airbus A350-900,33958.87,4.5,27424.14,4,178969.72,145010.86,0.76,4
DXB-MAA,11,Boeing 787-9,21698.07,4.5,24175.19,15,151936.7,130238.63,0.74,15
DXB-MAA,12,Airbus A350-900,59851.21,4.5,26348.12,8,213799.62,153948.41,0.81,8
DXB-MAA,12,Boeing 787-9,45980.0,4.5,25158.85,7,183848.58,137868.58,0.8,7
DXB-MCT,1,Airbus A320,10412.7,1.2,3028.57,13,53004.41,42591.71,0.92,13
DXB-MCT,1,Boeing 737-800,10489.27,1.2,2951.96,16,52669.57,42180.29,0.92,16
DXB-MCT,2,Airbus A320,9045.24,1.2,2892.8,15,48541.45,39496.21,0.92,15
DXB-MCT,2,Boeing 737-800,8603.31,1.2,2962.85,13,49491.29,40887.98,0.91,13
DXB-MCT,3,Airbus A320,6458.12,1.2,2795.53,9,45488.57,39030.45,0.85,9
DXB-MCT,3,Boeing 737-800,3413.04,1.2,2968.26,17,43668.98,40255.94,0.88,17
DXB-MCT,4,Airbus A320,5911.63,1.2,2900.42,10,45075.0,39163.38,0.87,10
DXB-MCT,4,Boeing 737-800,5879.13,1.2,3004.69,16,45721.23,39842.1,0.87,16
DXB-MCT,5,Airbus A320,2211.46,1.2,2860.54,12,39094.44,36882.98,0.82,12
DXB-MCT,5,Boeing 737-800,5038.76,1.2,2990.6,17,43829.0,38790.24,0.83,17
DXB-MCT,6,Airbus A320,-1806.07,1.2,2912.47,18,33018.84,34824.91,0.76,18
DXB-MCT,6,Boeing 737-800,334.43,1.2,3018.65,11,36804.52,36470.09,0.76,11
DXB-MCT,7,Airbus A320,-337.88,1.2,2896.71,14,35242.75,35580.63,0.76,14
DXB-MCT,7,Boeing 737-800,-3404.37,1.2,2948.81,16,34906.3,38310.67,0.76,16
DXB-MCT,8,Airbus A320,1141.23,1.2,2868.12,14,35892.11,34750.88,0.77,14
DXB-MCT,8,Boeing 737-800,-1272.66,1.2,2984.1,16,34599.68,35872.34,0.76,16
DXB-MCT,9,Airbus A320,3181.03,1.2,2904.41,11,41351.73,38170.7,0.82,11
DXB-MCT,9,Boeing 737-800,5623.58,1.2,3000.95,15,44046.03,38422.45,0.83,15
DXB-MCT,10,Airbus A320,6358.45,1.2,2842.63,14,44757.54,38399.09,0.87,14
DXB-MCT,10,Boeing 737-800,5388.12,1.2,3063.74,13,45453.75,40065.63,0.88,13
DXB-MCT,11,Airbus A320,5774.92,1.2,2914.92,17,44091.88,38316.96,0.88,17
DXB-MCT,11,Boeing 737-800,13289.42,1.2,3065.6,12,55623.22,42333.81,0.88,12
DXB-MCT,12,Airbus A320,7268.33,1.2,2929.31,15,48260.27,40991.94,0.92,15
DXB-MCT,12,Boeing 737-800,15170.13,1.2,3074.1,12,59534.94,44364.81,0.92,12
DXB-MEL,1,Airbus A350-900,54673.66,13.5,79168.18,8,411286.26,356612.6,0.78,8
DXB-MEL,1,Boeing 777-300ER,147267.65,13.5,114408.86,8,640974.9,493707.25,0.78,8
DXB-MEL,2,Airbus A350-900,133934.92,13.5,80914.46,10,515905.61,381970.68,0.83,10
DXB-MEL,2,Boeing 777-300ER,77721.85,13.5,115543.78,9,562205.74,484483.9,0.83,9
DXB-MEL,3,Airbus A350-900,36061.92,13.5,79510.04,11,383434.54,347372.62,0.76,11
DXB-MEL,3,Boeing 777-300ER,89240.29,13.5,112561.54,8,563432.2,474191.91,0.75,8
DXB-MEL,4,Airbus A350-900,59750.04,13.5,80604.47,11,421412.36,361662.32,0.75,11
DXB-MEL,4,Boeing 777-300ER,32624.57,13.5,114153.4,8,502878.06,470253.49,0.77,8
DXB-MEL,5,Airbus A350-900,37064.35,13.5,80999.33,7,394145.57,357081.22,0.72,7
DXB-MEL,5,Boeing 777-300ER,-6673.82,13.5,114462.98,11,451936.38,458610.2,0.72,11
DXB-MEL,6,Airbus A350-900,12018.16,13.5,82135.64,7,357031.67,345013.51,0.66,7
DXB-MEL,6,Boeing 777-300ER,-68511.97,13.5,112630.12,9,363959.88,432471.85,0.67,9
DXB-MEL,7,Airbus A350-900,-1738.07,13.5,78575.22,9,328697.52,330435.59,0.66,9
DXB-MEL,7,Boeing 777-300ER,-37084.07,13.5,112101.27,11,402130.6,439214.67,0.67,11
DXB-MEL,8,Airbus A350-900,-21909.56,13.5,79214.32,12,308706.71,330616.26,0.66,12
DXB-MEL,8,Boeing 777-300ER,-59073.9,13.5,116426.19,5,388154.88,447228.78,0.65,5
DXB-MEL,9,Airbus A350-900,33760.34,13.5,79915.55,8,384945.65,351185.31,0.74,8
DXB-MEL,9,Boeing 777-300ER,40687.83,13.5,112494.98,8,505820.36,465132.53,0.72,8
DXB-MEL,10,Airbus A350-900,32638.16,13.5,80981.62,8,377951.04,345312.87,0.74,8
DXB-MEL,10,Boeing 777-300ER,5755.09,13.5,116795.87,7,476569.23,470814.14,0.75,7
DXB-MEL,11,Airbus A350-900,87500.69,13.5,78367.56,6,458989.45,371488.76,0.75,6
DXB-MEL,11,Boeing 777-300ER,31857.15,13.5,116905.22,13,504398.95,472541.8,0.75,13
DXB-MEL,12,Airbus A350-900,104335.97,13.5,80931.44,9,481494.15,377158.18,0.78,9
DXB-MEL,12,Boeing 777-300ER,68628.0,13.5,115464.37,9,537149.29,468521.29,0.79,9
DXB-ORD,1,Airbus A350-900,44896.63,14.5,86678.2,11,423429.41,378532.78,0.81,11
DXB-ORD,1,Boeing 777-300ER,48511.71,14.5,127038.03,7,554275.89,505764.18,0.78,7
DXB-ORD,2,Airbus A350-900,102121.8,14.5,85711.84,10,488098.78,385976.98,0.81,10
DXB-ORD,2,Boeing 777-300ER,90996.81,14.5,126683.11,10,620850.73,529853.92,0.81,10
DXB-ORD,3,Airbus A350-900,58289.71,14.5,89318.37,12,446880.76,388591.05,0.76,12
DXB-ORD,3,Boeing 777-300ER,-61559.85,14.5,118018.4,4,403759.14,465318.99,0.73,4
DXB-ORD,4,Airbus A350-900,33370.73,14.5,86284.56,8,407553.04,374182.31,0.73,8
DXB-ORD,4,Boeing 777-300ER,39722.6,14.5,127411.19,10,551075.36,511352.76,0.74,10
DXB-ORD,5,Airbus A350-900,-49694.48,14.5,87973.76,9,311625.17,361319.65,0.72,9
DXB-ORD,5,Boeing 777-300ER,-52691.83,14.5,120366.18,6,407007.34,459699.16,0.7,6
DXB-ORD,6,Airbus A350-900,-20194.18,14.5,88097.45,9,343556.51,363750.69,0.67,9
DXB-ORD,6,Boeing 777-300ER,-84132.84,14.5,121952.35,10,379380.26,463513.1,0.65,10
DXB-ORD,7,Airbus A350-900,-36762.54,14.5,89735.38,6,322001.97,358764.52,0.66,6
DXB-ORD,7,Boeing 777-300ER,-87714.44,14.5,121610.73,12,364379.27,452093.71,0.65,12
DXB-ORD,8,Airbus A350-900,-23314.27,14.5,86385.8,8,337353.9,360668.18,0.66,8
DXB-ORD,8,Boeing 777-300ER,-31162.53,14.5,121429.77,9,445498.12,476660.66,0.67,9
DXB-ORD,9,Airbus A350-900,5772.23,14.5,87409.59,8,375055.54,369283.31,0.71,8
DXB-ORD,9,Boeing 777-300ER,-13178.92,14.5,123196.11,8,468438.01,481616.93,0.75,8
DXB-ORD,10,Airbus A350-900,54874.36,14.5,86805.85,12,431223.99,376349.63,0.75,12
DXB-ORD,10,Boeing 777-300ER,-13901.41,14.5,125487.66,7,467976.08,481877.49,0.74,7
DXB-ORD,11,Airbus A350-900,66983.1,14.5,85785.38,9,446607.95,379624.86,0.74,9
DXB-ORD,11,Boeing 777-300ER,30684.98,14.5,125373.72,10,533303.5,502618.52,0.76,10
DXB-ORD,12,Airbus A350-900,129734.89,14.5,85883.93,11,531894.68,402159.78,0.82,11
DXB-ORD,12,Boeing 777-300ER,84244.06,14.5,123020.73,8,587582.71,503338.65,0.8,8
DXB-RUH,1,Airbus A320,-4184.41,2.2,5359.77,7,40999.6,45184.01,0.81,7
DXB-RUH,1,Boeing 737-800,-7596.02,2.2,5632.06,10,39799.27,47395.28,0.78,10
DXB-RUH,2,Airbus A320,-8218.69,2.2,5232.1,10,39296.91,47515.6,0.8,10
DXB-RUH,2,Boeing 737-800,-7260.07,2.2,5421.91,8,40614.21,47874.28,0.81,8
DXB-RUH,3,Airbus A320,-8338.23,2.2,5126.92,4,37026.97,45365.2,0.74,4
DXB-RUH,3,Boeing 737-800,-8167.72,2.2,5407.22,13,38086.32,46254.04,0.76,13
DXB-RUH,4,Airbus A320,-8912.52,2.2,5331.8,10,35499.18,44411.69,0.74,10
DXB-RUH,4,Boeing 737-800,-8809.8,2.2,5521.33,9,34907.26,43717.06,0.76,9
DXB-RUH,5,Airbus A320,-12185.82,2.2,5334.24,10,30739.79,42925.62,0.7,10
DXB-RUH,5,Boeing 737-800,-12635.39,2.2,5619.7,7,33962.32,46597.7,0.71,7
DXB-RUH,6,Airbus A320,-15818.62,2.2,5372.11,7,25095.33,40913.95,0.66,7
DXB-RUH,6,Boeing 737-800,-17995.26,2.2,5643.01,11,25771.13,43766.38,0.66,11
DXB-RUH,7,Airbus A320,-17609.18,2.2,5321.9,9,25015.4,42624.58,0.68,9
DXB-RUH,7,Boeing 737-800,-15114.24,2.2,5411.18,6,27803.48,42917.72,0.62,6
DXB-RUH,8,Airbus A320,-12643.53,2.2,5365.18,7,29284.82,41928.34,0.66,7
DXB-RUH,8,Boeing 737-800,-11816.8,2.2,5582.86,9,31946.81,43763.61,0.67,9
DXB-RUH,9,Airbus A320,-10349.44,2.2,5479.92,9,32803.95,43153.39,0.72,9
DXB-RUH,9,Boeing 737-800,-10146.54,2.2,5535.35,11,36135.11,46281.65,0.68,11
DXB-RUH,10,Airbus A320,-10600.22,2.2,5297.26,11,32425.25,43025.47,0.73,11
DXB-RUH,10,Boeing 737-800,-17356.61,2.2,5377.78,9,27378.98,44735.59,0.75,9
DXB-RUH,11,Airbus A320,-11429.43,2.2,5194.06,11,33074.51,44503.93,0.75,11
DXB-RUH,11,Boeing 737-800,-11363.99,2.2,5572.82,8,34737.3,46101.28,0.73,8
DXB-RUH,12,Airbus A320,-10966.26,2.2,5363.39,9,34851.34,45817.6,0.81,9
DXB-RUH,12,Boeing 737-800,-9266.02,2.2,5495.03,11,38515.34,47781.36,0.79,11
DXB-SFO,1,Airbus A350-900,49841.4,16.5,100483.57,10,475391.04,425549.64,0.81,10
DXB-SFO,1,Boeing 777-300ER,33059.36,16.5,137988.81,7,586918.08,553858.72,0.79,7
DXB-SFO,2,Airbus A350-900,-14603.21,16.5,100706.16,8,404104.18,418707.39,0.8,8
DXB-SFO,2,Boeing 777-300ER,-13768.29,16.5,139328.89,7,541057.66,554825.95,0.78,7
DXB-SFO,3,Airbus A350-900,13549.95,16.5,100805.91,6,429673.92,416123.97,0.76,6
DXB-SFO,3,Boeing 777-300ER,20553.4,16.5,141753.35,12,579915.72,559362.32,0.77,12
DXB-SFO,4,Airbus A350-900,69101.53,16.5,98276.12,6,498074.37,428972.84,0.79,6
DXB-SFO,4,Boeing 777-300ER,-31532.83,16.5,141803.75,11,515605.88,547138.71,0.74,11
DXB-SFO,5,Airbus A350-900,-32148.68,16.5,101991.84,12,378418.95,410567.63,0.72,12
DXB-SFO,5,Boeing 777-300ER,-65074.24,16.5,140839.15,7,478998.22,544072.47,0.72,7
DXB-SFO,6,Airbus A350-900,-68280.77,16.5,97472.16,9,332016.25,400297.02,0.66,9
DXB-SFO,6,Boeing 777-300ER,-65895.22,16.5,136064.16,9,462649.63,528544.85,0.64,9
DXB-SFO,7,Airbus A350-900,-94037.4,16.5,97505.22,12,293346.74,387384.14,0.66,12
DXB-SFO,7,Boeing 777-300ER,-162954.4,16.5,141772.99,7,353230.51,516184.91,0.64,7
DXB-SFO,8,Airbus A350-900,-29321.42,16.5,96636.29,7,370267.43,399588.85,0.65,7
DXB-SFO,8,Boeing 777-300ER,-141878.49,16.5,139647.76,8,363982.11,505860.61,0.65,8
DXB-SFO,9,Airbus A350-900,-4863.72,16.5,100483.31,11,407103.62,411967.34,0.74,11
DXB-SFO,9,Boeing 777-300ER,-66523.13,16.5,144978.86,7,479248.32,545771.46,0.74,7
DXB-SFO,10,Airbus A350-900,-20558.56,16.5,102122.46,9,398897.48,419456.04,0.76,9
DXB-SFO,10,Boeing 777-300ER,-18921.67,16.5,140181.86,6,523295.25,542216.92,0.74,6
DXB-SFO,11,Airbus A350-900,-15817.73,16.5,98536.43,6,393957.29,409775.02,0.79,6
DXB-SFO,11,Boeing 777-300ER,-44740.67,16.5,139951.88,13,498082.03,542822.7,0.73,13
DXB-SFO,12,Airbus A350-900,-30212.79,16.5,101612.85,9,378136.27,408349.06,0.81,9
DXB-SFO,12,Boeing 777-300ER,47086.24,16.5,141996.85,11,603971.35,556885.11,0.79,11
DXB-SIN,1,Airbus A380,414306.24,7.5,89024.65,7,901055.18,486748.94,0.91,7
DXB-SIN,1,Boeing 777-300ER,363606.54,7.5,65119.41,6,737268.39,373661.84,0.92,6
DXB-SIN,1,Boeing 787-9,280561.3,7.5,41205.2,15,542012.03,261450.73,0.93,15
DXB-SIN,2,Airbus A380,535078.56,7.5,87709.11,6,1031617.6,496539.04,0.91,6
DXB-SIN,2,Boeing 777-300ER,396856.54,7.5,64019.9,9,772747.48,375890.94,0.93,9
DXB-SIN,2,Boeing 787-9,247854.51,7.5,41523.59,10,502385.96,254531.45,0.91,10
DXB-SIN,3,Airbus A380,345494.67,7.5,89609.45,7,809236.15,463741.48,0.87,7
DXB-SIN,3,Boeing 777-300ER,388682.29,7.5,64862.76,10,759827.53,371145.24,0.88,10
DXB-SIN,3,Boeing 787-9,226021.22,7.5,42458.08,11,480304.36,254283.14,0.88,11
DXB-SIN,4,Airbus A380,402269.24,7.5,90003.78,12,871982.81,469713.57,0.86,12
DXB-SIN,4,Boeing 777-300ER,336763.79,7.5,62920.56,8,696559.93,359796.14,0.89,8
DXB-SIN,4,Boeing 787-9,250893.03,7.5,40675.67,5,507419.56,256526.53,0.89,5
DXB-SIN,5,Airbus A380,368450.24,7.5,91516.86,12,828526.87,460076.64,0.86,12
DXB-SIN,5,Boeing 777-300ER,253846.3,7.5,64624.89,7,603009.3,349163.0,0.82,7
DXB-SIN,5,Boeing 787-9,151286.12,7.5,41732.17,11,383949.97,232663.85,0.83,11
DXB-SIN,6,Airbus A380,270372.09,7.5,90607.72,7,710474.67,440102.58,0.75,7
DXB-SIN,6,Boeing 777-300ER,189598.64,7.5,62551.33,13,505106.45,315507.81,0.76,13
DXB-SIN,6,Boeing 787-9,136325.18,7.5,39952.47,8,358814.25,222489.06,0.76,8
DXB-SIN,7,Airbus A380,165908.65,7.5,90585.24,10,578984.05,413075.4,0.73,10
DXB-SIN,7,Boeing 777-300ER,159352.39,7.5,62816.43,6,470651.6,311299.22,0.76,6
DXB-SIN,7,Boeing 787-9,175758.14,7.5,41182.55,9,415219.08,239460.94,0.77,9
DXB-SIN,8,Airbus A380,209554.44,7.5,88081.52,11,625713.82,416159.38,0.78,11
DXB-SIN,8,Boeing 777-300ER,204093.54,7.5,64585.19,8,532828.46,328734.91,0.78,8
DXB-SIN,8,Boeing 787-9,153142.11,7.5,41429.81,10,383945.47,230803.36,0.75,10
DXB-SIN,9,Airbus A380,353913.35,7.5,91220.55,13,811366.97,457453.61,0.84,13
DXB-SIN,9,Boeing 777-300ER,391603.86,7.5,64916.4,6,787045.21,395441.34,0.86,6
DXB-SIN,9,Boeing 787-9,151269.68,7.5,42291.01,7,383936.72,232667.04,0.82,7
DXB-SIN,10,Airbus A380,279715.89,7.5,90691.2,12,724665.12,444949.23,0.86,12
DXB-SIN,10,Boeing 777-300ER,426906.84,7.5,64883.14,6,815924.05,389017.21,0.88,6
DXB-SIN,10,Boeing 787-9,204879.15,7.5,41036.34,7,460534.91,255655.76,0.9,7
DXB-SIN,11,Airbus A380,387463.22,7.5,88065.89,7,850741.52,463278.3,0.88,7
DXB-SIN,11,Boeing 777-300ER,274342.14,7.5,62978.07,10,612519.72,338177.58,0.86,10
DXB-SIN,11,Boeing 787-9,213984.53,7.5,40536.22,8,461109.46,247124.93,0.86,8
DXB-SIN,12,Airbus A380,521233.95,7.5,91688.92,7,1017187.47,495953.51,0.93,7
DXB-SIN,12,Boeing 777-300ER,323474.68,7.5,64564.86,13,689182.39,365707.71,0.92,13
DXB-SIN,12,Boeing 787-9,252825.35,7.5,41737.69,6,505132.13,252306.78,0.93,6
DXB-SYD,1,Airbus A380,169044.23,14.5,175002.3,3,901320.15,732275.92,0.91,3
DXB-SYD,1,Boeing 777-300ER,198788.48,14.5,122380.01,14,746592.86,547804.38,0.91,14
DXB-SYD,1,Boeing 787-9,160909.55,14.5,81948.06,8,560685.43,399775.88,0.92,8
DXB-SYD,2,Airbus A380,226665.79,14.5,175008.69,13,966306.03,739640.24,0.91,13
DXB-SYD,2,Boeing 777-300ER,156455.35,14.5,121930.59,11,688670.95,532215.61,0.91,11
DXB-SYD,2,Boeing 787-9,211299.1,14.5,80766.96,5,621575.12,410276.01,0.92,5
DXB-SYD,3,Airbus A380,87687.23,14.5,173268.68,8,785882.87,698195.65,0.88,8
DXB-SYD,3,Boeing 777-300ER,123600.31,14.5,124204.78,8,665122.13,541521.82,0.89,8
DXB-SYD,3,Boeing 787-9,132538.06,14.5,79943.29,10,517677.93,385139.87,0.85,10
DXB-SYD,4,Airbus A380,206185.67,14.5,170039.09,8,930073.68,723888.02,0.86,8
DXB-SYD,4,Boeing 777-300ER,132708.78,14.5,121352.31,13,664728.7,532019.92,0.87,13
DXB-SYD,4,Boeing 787-9,185354.46,14.5,80989.37,4,568676.48,383322.02,0.87,4
DXB-SYD,5,Airbus A380,48543.81,14.5,172971.05,8,734151.51,685607.7,0.83,8
DXB-SYD,5,Boeing 777-300ER,63041.89,14.5,123899.46,7,584437.66,521395.77,0.84,7
DXB-SYD,5,Boeing 787-9,98011.34,14.5,82845.01,11,474945.06,376933.71,0.83,11
DXB-SYD,6,Airbus A380,-71176.94,14.5,170819.37,6,580348.44,651525.39,0.77,6
DXB-SYD,6,Boeing 777-300ER,-19283.1,14.5,125164.85,9,474993.95,494277.05,0.76,9
DXB-SYD,6,Boeing 787-9,14408.02,14.5,78301.49,10,363487.58,349079.56,0.75,10
DXB-SYD,7,Airbus A380,-85486.51,14.5,172098.59,15,565758.48,651244.99,0.76,15
DXB-SYD,7,Boeing 777-300ER,38668.5,14.5,124903.28,2,573350.75,534682.25,0.78,2
DXB-SYD,7,Boeing 787-9,11304.13,14.5,79010.76,12,357921.2,346617.06,0.77,12
DXB-SYD,8,Airbus A380,-23143.58,14.5,173291.73,11,642363.79,665507.37,0.76,11
DXB-SYD,8,Boeing 777-300ER,-62771.79,14.5,125891.17,10,414753.04,477524.83,0.78,10
DXB-SYD,8,Boeing 787-9,41241.32,14.5,79819.74,9,397620.63,356379.31,0.77,9
DXB-SYD,9,Airbus A380,73874.25,14.5,173001.11,6,754459.98,680585.74,0.83,6
DXB-SYD,9,Boeing 777-300ER,167541.43,14.5,127997.21,7,703645.56,536104.13,0.86,7
DXB-SYD,9,Boeing 787-9,68149.59,14.5,81277.84,15,430893.73,362744.14,0.83,15
DXB-SYD,10,Airbus A380,70285.52,14.5,177603.2,10,763840.33,693554.81,0.86,10
DXB-SYD,10,Boeing 777-300ER,20002.43,14.5,128335.02,11,534673.92,514671.49,0.87,11
DXB-SYD,10,Boeing 787-9,71595.09,14.5,80837.21,7,449252.1,377657.01,0.87,7
DXB-SYD,11,Airbus A380,111955.41,14.5,171479.99,11,807845.32,695889.91,0.88,11
DXB-SYD,11,Boeing 777-300ER,165196.71,14.5,124500.99,11,709140.23,543943.52,0.87,11
DXB-SYD,11,Boeing 787-9,129784.04,14.5,80245.13,6,518082.38,388298.34,0.87,6
DXB-SYD,12,Airbus A380,289548.08,14.5,173081.16,10,1032182.11,742634.04,0.91,10
DXB-SYD,12,Boeing 777-300ER,202212.2,14.5,120167.04,8,738487.02,536274.81,0.92,8
DXB-SYD,12,Boeing 787-9,141920.35,14.5,81596.34,10,542034.11,400113.77,0.93,10
